brandName,currentSku,displayName,heroImage,image135,image250,image450,productId,rating,reviews,targetUrl,moreColors,heroImageAltText
The Ordinary,"{'biExclusiveLevel': 'none', 'imageAltText': 'The Ordinary - Niacinamide 10% + Zinc 1% Oil Control Serum', 'isAppExclusive': False, 'isBI': False, 'isBest': False, 'isFirstAccess': False, 'isLimitedEdition': False, 'isLimitedTimeOffer': False, 'isNatural': False, 'isNew': False, 'isOnlineOnly': False, 'isOrganic': False, 'isSephoraExclusive': False, 'listPrice': '$6.00 - $10.80', 'salePrice': '', 'skuId': '2031391', 'skuImages': {'image135': 'https://www.sephora.com/productimages/sku/s2031391-main-grid.jpg', 'image162': 'https://www.sephora.com/productimages/sku/s2031391-162.jpg', 'image250': 'https://www.sephora.com/productimages/sku/s2031391-main-hero.jpg', 'image42': 'https://www.sephora.com/productimages/sku/s2031391-main-thumb.jpg', 'image450': 'https://www.sephora.com/productimages/sku/s2031391-main-Lhero.jpg', 'image62': 'https://www.sephora.com/productimages/sku/s2031391-main-Lthumb.jpg', 'image97': 'https://www.sephora.com/productimages/sku/s2031391-main-Sgrid.jpg'}, 'skuType': 'Standard'}",Niacinamide 10% + Zinc 1% Oil Control Serum,https://www.sephora.com/productimages/sku/s2031391-main-grid.jpg,https://www.sephora.com/productimages/sku/s2031391-main-grid.jpg,https://www.sephora.com/productimages/sku/s2031391-main-hero.jpg,https://www.sephora.com/productimages/sku/s2031391-main-Lhero.jpg,P427417,4.2355,5975,/product/the-ordinary-deciem-niacinamide-10-zinc-1-P427417,,
Summer Fridays,"{'badgeAltText': 'Clean at Sephora', 'biExclusiveLevel': 'none', 'imageAltText': 'Summer Fridays - Lip Butter Balm', 'isAppExclusive': False, 'isBI': False, 'isBest': False, 'isFirstAccess': False, 'isLimitedEdition': False, 'isLimitedTimeOffer': False, 'isNatural': False, 'isNew': False, 'isOnlineOnly': False, 'isOrganic': False, 'isSephoraExclusive': False, 'listPrice': '$24.00', 'salePrice': '', 'skuId': '2495497', 'skuImages': {'image135': 'https://www.sephora.com/productimages/sku/s2495497-main-grid.jpg?pb=2020-03-sephora-clean-2019', 'image162': 'https://www.sephora.com/productimages/sku/s2495497-162.jpg?pb=2020-03-sephora-clean-2019', 'image250': 'https://www.sephora.com/productimages/sku/s2495497-main-hero.jpg?pb=2020-03-sephora-clean-2019', 'image42': 'https://www.sephora.com/productimages/sku/s2495497-main-thumb.jpg?pb=2020-03-sephora-clean-2019', 'image450': 'https://www.sephora.com/productimages/sku/s2495497-main-Lhero.jpg?pb=2020-03-sephora-clean-2019', 'image62': 'https://www.sephora.com/productimages/sku/s2495497-main-Lthumb.jpg?pb=2020-03-sephora-clean-2019', 'image97': 'https://www.sephora.com/productimages/sku/s2495497-main-Sgrid.jpg?pb=2020-03-sephora-clean-2019'}, 'skuType': 'Standard'}",Lip Butter Balm,https://www.sephora.com/productimages/sku/s2495497-main-grid.jpg?pb=2020-03-sephora-clean-2019,https://www.sephora.com/productimages/sku/s2495497-main-grid.jpg?pb=2020-03-sephora-clean-2019,https://www.sephora.com/productimages/sku/s2495497-main-hero.jpg?pb=2020-03-sephora-clean-2019,https://www.sephora.com/productimages/sku/s2495497-main-Lhero.jpg?pb=2020-03-sephora-clean-2019,P455936,4.2954,1706,/product/summer-fridays-lip-butter-balm-P455936,5.0,
Drunk Elephant,"{'badgeAltText': 'Clean at Sephora', 'biExclusiveLevel': 'none', 'imageAltText': 'Drunk Elephant - D-Bronzi™ Anti-Pollution Bronzing Drops with Peptides', 'isAppExclusive': False, 'isBI': False, 'isBest': False, 'isFirstAccess': False, 'isLimitedEdition': False, 'isLimitedTimeOffer': False, 'isNatural': False, 'isNew': False, 'isOnlineOnly': False, 'isOrganic': False, 'isSephoraExclusive': False, 'listPrice': '$38.00', 'salePrice': '', 'skuId': '2404721', 'skuImages': {'image135': 'https://www.sephora.com/productimages/sku/s2404721-main-grid.jpg?pb=2020-03-sephora-clean-2019', 'image162': 'https://www.sephora.com/productimages/sku/s2404721-162.jpg?pb=2020-03-sephora-clean-2019', 'image250': 'https://www.sephora.com/productimages/sku/s2404721-main-hero.jpg?pb=2020-03-sephora-clean-2019', 'image42': 'https://www.sephora.com/productimages/sku/s2404721-main-thumb.jpg?pb=2020-03-sephora-clean-2019', 'image450': 'https://www.sephora.com/productimages/sku/s2404721-main-Lhero.jpg?pb=2020-03-sephora-clean-2019', 'image62': 'https://www.sephora.com/productimages/sku/s2404721-main-Lthumb.jpg?pb=2020-03-sephora-clean-2019', 'image97': 'https://www.sephora.com/productimages/sku/s2404721-main-Sgrid.jpg?pb=2020-03-sephora-clean-2019'}, 'skuType': 'Standard'}",D-Bronzi™ Anti-Pollution Bronzing Drops with Peptides,https://www.sephora.com/productimages/sku/s2404721-main-grid.jpg?pb=2020-03-sephora-clean-2019,https://www.sephora.com/productimages/sku/s2404721-main-grid.jpg?pb=2020-03-sephora-clean-2019,https://www.sephora.com/productimages/sku/s2404721-main-hero.jpg?pb=2020-03-sephora-clean-2019,https://www.sephora.com/productimages/sku/s2404721-main-Lhero.jpg?pb=2020-03-sephora-clean-2019,P432668,4.3848,2183,/product/d-bronzi-tm-anti-pollution-sunshine-serum-P432668,,Clean at Sephora
The Ordinary,"{'badgeAltText': 'allure 2019 Best of Beauty Award Winner ', 'biExclusiveLevel': 'none', 'imageAltText': 'The Ordinary - Hyaluronic Acid 2% + B5 Hydrating Serum', 'isAppExclusive': False, 'isBI': False, 'isBest': False, 'isFirstAccess': False, 'isLimitedEdition': False, 'isLimitedTimeOffer': False, 'isNatural': False, 'isNew': False, 'isOnlineOnly': False, 'isOrganic': False, 'isSephoraExclusive': False, 'listPrice': '$8.90 - $15.70', 'salePrice': '', 'skuId': '2031375', 'skuImages': {'image135': 'https://www.sephora.com/productimages/sku/s2031375-main-grid.jpg?pb=2020-03-allure-best-2019', 'image162': 'https://www.sephora.com/productimages/sku/s2031375-162.jpg?pb=2020-03-allure-best-2019', 'image250': 'https://www.sephora.com/productimages/sku/s2031375-main-hero.jpg?pb=2020-03-allure-best-2019', 'image42': 'https://www.sephora.com/productimages/sku/s2031375-main-thumb.jpg?pb=2020-03-allure-best-2019', 'image450': 'https://www.sephora.com/productimages/sku/s2031375-main-Lhero.jpg?pb=2020-03-allure-best-2019', 'image62': 'https://www.sephora.com/productimages/sku/s2031375-main-Lthumb.jpg?pb=2020-03-allure-best-2019', 'image97': 'https://www.sephora.com/productimages/sku/s2031375-main-Sgrid.jpg?pb=2020-03-allure-best-2019'}, 'skuType': 'Standard'}",Hyaluronic Acid 2% + B5 Hydrating Serum,https://www.sephora.com/productimages/sku/s2031375-main-grid.jpg?pb=2020-03-allure-best-2019,https://www.sephora.com/productimages/sku/s2031375-main-grid.jpg?pb=2020-03-allure-best-2019,https://www.sephora.com/productimages/sku/s2031375-main-hero.jpg?pb=2020-03-allure-best-2019,https://www.sephora.com/productimages/sku/s2031375-main-Lhero.jpg?pb=2020-03-allure-best-2019,P427419,4.2134,3997,/product/the-ordinary-deciem-hyaluronic-acid-2-b5-P427419,,
Tatcha,"{'badgeAltText': 'Clean at Sephora', 'biExclusiveLevel': 'none', 'imageAltText': 'Tatcha - The Dewy Skin Cream Plumping & Hydrating Moisturizer', 'isAppExclusive': False, 'isBI': False, 'isBest': False, 'isFirstAccess': False, 'isLimitedEdition': False, 'isLimitedTimeOffer': False, 'isNatural': False, 'isNew': False, 'isOnlineOnly': False, 'isOrganic': False, 'isSephoraExclusive': True, 'listPrice': '$22.00 - $85.00', 'salePrice': '', 'skuId': '2181006', 'skuImages': {'image135': 'https://www.sephora.com/productimages/sku/s2181006-main-grid.jpg?pb=2020-03-sephora-clean-2019', 'image162': 'https://www.sephora.com/productimages/sku/s2181006-162.jpg?pb=2020-03-sephora-clean-2019', 'image250': 'https://www.sephora.com/productimages/sku/s2181006-main-hero.jpg?pb=2020-03-sephora-clean-2019', 'image42': 'https://www.sephora.com/productimages/sku/s2181006-main-thumb.jpg?pb=2020-03-sephora-clean-2019', 'image450': 'https://www.sephora.com/productimages/sku/s2181006-main-Lhero.jpg?pb=2020-03-sephora-clean-2019', 'image62': 'https://www.sephora.com/productimages/sku/s2181006-main-Lthumb.jpg?pb=2020-03-sephora-clean-2019', 'image97': 'https://www.sephora.com/productimages/sku/s2181006-main-Sgrid.jpg?pb=2020-03-sephora-clean-2019'}, 'skuType': 'Standard'}",The Dewy Skin Cream Plumping & Hydrating Moisturizer,https://www.sephora.com/productimages/sku/s2181006-main-grid.jpg?pb=2020-03-sephora-clean-2019,https://www.sephora.com/productimages/sku/s2181006-main-grid.jpg?pb=2020-03-sephora-clean-2019,https://www.sephora.com/productimages/sku/s2181006-main-hero.jpg?pb=2020-03-sephora-clean-2019,https://www.sephora.com/productimages/sku/s2181006-main-Lhero.jpg?pb=2020-03-sephora-clean-2019,P441101,4.1,3260,/product/the-dewy-skin-cream-P441101,,Clean at Sephora
Sol de Janeiro,"{'biExclusiveLevel': 'none', 'imageAltText': 'Sol de Janeiro - Brazilian Crush Cheirosa ’62 Bum Bum Hair & Body Fragrance Mist', 'isAppExclusive': False, 'isBI': False, 'isBest': False, 'isFirstAccess': False, 'isLimitedEdition': False, 'isLimitedTimeOffer': False, 'isNatural': False, 'isNew': False, 'isOnlineOnly': False, 'isOrganic': False, 'isSephoraExclusive': True, 'listPrice': '$24.00 - $38.00', 'salePrice': '', 'skuId': '1930759', 'skuImages': {'image135': 'https://www.sephora.com/productimages/sku/s1930759-main-grid.jpg', 'image162': 'https://www.sephora.com/productimages/sku/s1930759-162.jpg', 'image250': 'https://www.sephora.com/productimages/sku/s1930759-main-hero.jpg', 'image42': 'https://www.sephora.com/productimages/sku/s1930759-main-thumb.jpg', 'image450': 'https://www.sephora.com/productimages/sku/s1930759-main-Lhero.jpg', 'image62': 'https://www.sephora.com/productimages/sku/s1930759-main-Lthumb.jpg', 'image97': 'https://www.sephora.com/productimages/sku/s1930759-main-Sgrid.jpg'}, 'skuType': 'Standard'}",Brazilian Crush Cheirosa ’62 Bum Bum Hair & Body Fragrance Mist,https://www.sephora.com/productimages/sku/s1930759-main-grid.jpg,https://www.sephora.com/productimages/sku/s1930759-main-grid.jpg,https://www.sephora.com/productimages/sku/s1930759-main-hero.jpg,https://www.sephora.com/productimages/sku/s1930759-main-Lhero.jpg,P417312,4.3144,1921,/product/brazilian-crush-body-fragrance-mist-P417312,,
Sol de Janeiro,"{'biExclusiveLevel': 'none', 'imageAltText': 'Sol de Janeiro - Brazilian Bum Bum Body Cream', 'isAppExclusive': False, 'isBI': False, 'isBest': False, 'isFirstAccess': False, 'isLimitedEdition': False, 'isLimitedTimeOffer': False, 'isNatural': False, 'isNew': False, 'isOnlineOnly': False, 'isOrganic': False, 'isSephoraExclusive': True, 'listPrice': '$22.00 - $48.00', 'salePrice': '', 'skuId': '1802412', 'skuImages': {'image135': 'https://www.sephora.com/productimages/sku/s1802412-main-grid.jpg', 'image162': 'https://www.sephora.com/productimages/sku/s1802412-162.jpg', 'image250': 'https://www.sephora.com/productimages/sku/s1802412-main-hero.jpg', 'image42': 'https://www.sephora.com/productimages/sku/s1802412-main-thumb.jpg', 'image450': 'https://www.sephora.com/productimages/sku/s1802412-main-Lhero.jpg', 'image62': 'https://www.sephora.com/productimages/sku/s1802412-main-Lthumb.jpg', 'image97': 'https://www.sephora.com/productimages/sku/s1802412-main-Sgrid.jpg'}, 'skuType': 'Standard'}",Brazilian Bum Bum Body Cream,https://www.sephora.com/productimages/sku/s1802412-main-grid.jpg,https://www.sephora.com/productimages/sku/s1802412-main-grid.jpg,https://www.sephora.com/productimages/sku/s1802412-main-hero.jpg,https://www.sephora.com/productimages/sku/s1802412-main-Lhero.jpg,P406080,4.2953,8794,/product/brazilian-bum-bum-cream-P406080,,
Paula's Choice,"{'biExclusiveLevel': 'none', 'imageAltText': ""Paula's Choice - Skin Perfecting 2% BHA Liquid Exfoliant"", 'isAppExclusive': False, 'isBI': False, 'isBest': False, 'isFirstAccess': False, 'isLimitedEdition': False, 'isLimitedTimeOffer': False, 'isNatural': False, 'isNew': False, 'isOnlineOnly': False, 'isOrganic': False, 'isSephoraExclusive': False, 'listPrice': '$13.00 - $34.00', 'salePrice': '', 'skuId': '2421360', 'skuImages': {'image135': 'https://www.sephora.com/productimages/sku/s2421360-main-grid.jpg', 'image162': 'https://www.sephora.com/productimages/sku/s2421360-162.jpg', 'image250': 'https://www.sephora.com/productimages/sku/s2421360-main-hero.jpg', 'image42': 'https://www.sephora.com/productimages/sku/s2421360-main-thumb.jpg', 'image450': 'https://www.sephora.com/productimages/sku/s2421360-main-Lhero.jpg', 'image62': 'https://www.sephora.com/productimages/sku/s2421360-main-Lthumb.jpg', 'image97': 'https://www.sephora.com/productimages/sku/s2421360-main-Sgrid.jpg'}, 'skuType': 'Standard'}",Skin Perfecting 2% BHA Liquid Exfoliant,https://www.sephora.com/productimages/sku/s2421360-main-grid.jpg,https://www.sephora.com/productimages/sku/s2421360-main-grid.jpg,https://www.sephora.com/productimages/sku/s2421360-main-hero.jpg,https://www.sephora.com/productimages/sku/s2421360-main-Lhero.jpg,P469502,4.4124,1319,/product/paula-s-choice-skin-perfecting-2-bha-liquid-exfoliant-P469502,,
ILIA,"{'badgeAltText': 'allure 2020 Best of Beauty Award Winner ', 'biExclusiveLevel': 'none', 'imageAltText': 'ILIA - Super Serum Skin Tint SPF 40 Foundation', 'isAppExclusive': False, 'isBI': False, 'isBest': False, 'isFirstAccess': False, 'isLimitedEdition': False, 'isLimitedTimeOffer': False, 'isNatural': False, 'isNew': False, 'isOnlineOnly': False, 'isOrganic': False, 'isSephoraExclusive': False, 'listPrice': '$48.00', 'salePrice': '', 'skuId': '2333607', 'skuImages': {'image135': 'https://www.sephora.com/productimages/sku/s2333607-main-grid.jpg?pb=allure-best-2020', 'image162': 'https://www.sephora.com/productimages/sku/s2333607-162.jpg?pb=allure-best-2020', 'image250': 'https://www.sephora.com/productimages/sku/s2333607-main-hero.jpg?pb=allure-best-2020', 'image42': 'https://www.sephora.com/productimages/sku/s2333607-main-thumb.jpg?pb=allure-best-2020', 'image450': 'https://www.sephora.com/productimages/sku/s2333607-main-Lhero.jpg?pb=allure-best-2020', 'image62': 'https://www.sephora.com/productimages/sku/s2333607-main-Lthumb.jpg?pb=allure-best-2020', 'image97': 'https://www.sephora.com/productimages/sku/s2333607-main-Sgrid.jpg?pb=allure-best-2020'}, 'skuType': 'Standard'}",Super Serum Skin Tint SPF 40 Foundation,https://www.sephora.com/productimages/sku/s2333607-main-grid.jpg?pb=allure-best-2020,https://www.sephora.com/productimages/sku/s2333607-main-grid.jpg?pb=allure-best-2020,https://www.sephora.com/productimages/sku/s2333607-main-hero.jpg?pb=allure-best-2020,https://www.sephora.com/productimages/sku/s2333607-main-Lhero.jpg?pb=allure-best-2020,P455418,3.7105,4225,/product/ilia-super-serum-skin-tint-spf-40-P455418,29.0,
Supergoop!,"{'badgeAltText': 'Clean at Sephora', 'biExclusiveLevel': 'none', 'imageAltText': 'Supergoop! - Glowscreen SPF 40 Sunscreen with Hyaluronic Acid + Niacinamide', 'isAppExclusive': False, 'isBI': False, 'isBest': False, 'isFirstAccess': False, 'isLimitedEdition': False, 'isLimitedTimeOffer': False, 'isNatural': False, 'isNew': False, 'isOnlineOnly': False, 'isOrganic': False, 'isSephoraExclusive': True, 'listPrice': '$22.00 - $48.00', 'salePrice': '', 'skuId': '2535656', 'skuImages': {'image135': 'https://www.sephora.com/productimages/sku/s2535656-main-grid.jpg?pb=2020-03-sephora-clean-2019', 'image162': 'https://www.sephora.com/productimages/sku/s2535656-162.jpg?pb=2020-03-sephora-clean-2019', 'image250': 'https://www.sephora.com/productimages/sku/s2535656-main-hero.jpg?pb=2020-03-sephora-clean-2019', 'image42': 'https://www.sephora.com/productimages/sku/s2535656-main-thumb.jpg?pb=2020-03-sephora-clean-2019', 'image450': 'https://www.sephora.com/productimages/sku/s2535656-main-Lhero.jpg?pb=2020-03-sephora-clean-2019', 'image62': 'https://www.sephora.com/productimages/sku/s2535656-main-Lthumb.jpg?pb=2020-03-sephora-clean-2019', 'image97': 'https://www.sephora.com/productimages/sku/s2535656-main-Sgrid.jpg?pb=2020-03-sephora-clean-2019'}, 'skuType': 'Standard'}",Glowscreen SPF 40 Sunscreen with Hyaluronic Acid + Niacinamide,https://www.sephora.com/productimages/sku/s2535656-main-grid.jpg?pb=2020-03-sephora-clean-2019,https://www.sephora.com/productimages/sku/s2535656-main-grid.jpg?pb=2020-03-sephora-clean-2019,https://www.sephora.com/productimages/sku/s2535656-main-hero.jpg?pb=2020-03-sephora-clean-2019,https://www.sephora.com/productimages/sku/s2535656-main-Lhero.jpg?pb=2020-03-sephora-clean-2019,P456218,4.1226,2194,/product/supergoop-glowscreen-sunscreen-spf-40-P456218,,
Dior,"{'biExclusiveLevel': 'none', 'imageAltText': 'Dior - Lip Glow Oil', 'isAppExclusive': False, 'isBI': False, 'isBest': False, 'isFirstAccess': False, 'isLimitedEdition': False, 'isLimitedTimeOffer': False, 'isNatural': False, 'isNew': False, 'isOnlineOnly': False, 'isOrganic': False, 'isSephoraExclusive': False, 'listPrice': '$40.00', 'salePrice': '', 'skuId': '2449130', 'skuImages': {'image135': 'https://www.sephora.com/productimages/sku/s2449130-main-grid.jpg', 'image162': 'https://www.sephora.com/productimages/sku/s2449130-162.jpg', 'image250': 'https://www.sephora.com/productimages/sku/s2449130-main-hero.jpg', 'image42': 'https://www.sephora.com/productimages/sku/s2449130-main-thumb.jpg', 'image450': 'https://www.sephora.com/productimages/sku/s2449130-main-Lhero.jpg', 'image62': 'https://www.sephora.com/productimages/sku/s2449130-main-Lthumb.jpg', 'image97': 'https://www.sephora.com/productimages/sku/s2449130-main-Sgrid.jpg'}, 'skuType': 'Standard'}",Lip Glow Oil,https://www.sephora.com/productimages/sku/s2449130-main-grid.jpg,https://www.sephora.com/productimages/sku/s2449130-main-grid.jpg,https://www.sephora.com/productimages/sku/s2449130-main-hero.jpg,https://www.sephora.com/productimages/sku/s2449130-main-Lhero.jpg,P453814,4.0208,1343,/product/dior-lip-glow-oil-P453814,7.0,
Supergoop!,"{'badgeAltText': 'Clean at Sephora', 'biExclusiveLevel': 'none', 'imageAltText': 'Supergoop! - Unseen Sunscreen SPF 40 PA+++', 'isAppExclusive': False, 'isBI': False, 'isBest': False, 'isFirstAccess': False, 'isLimitedEdition': True, 'isLimitedTimeOffer': False, 'isNatural': False, 'isNew': False, 'isOnlineOnly': False, 'isOrganic': False, 'isSephoraExclusive': True, 'listPrice': '$22.00 - $48.00', 'salePrice': '', 'skuId': '2535367', 'skuImages': {'image135': 'https://www.sephora.com/productimages/sku/s2535367-main-grid.jpg?pb=2020-03-sephora-clean-2019', 'image162': 'https://www.sephora.com/productimages/sku/s2535367-162.jpg?pb=2020-03-sephora-clean-2019', 'image250': 'https://www.sephora.com/productimages/sku/s2535367-main-hero.jpg?pb=2020-03-sephora-clean-2019', 'image42': 'https://www.sephora.com/productimages/sku/s2535367-main-thumb.jpg?pb=2020-03-sephora-clean-2019', 'image450': 'https://www.sephora.com/productimages/sku/s2535367-main-Lhero.jpg?pb=2020-03-sephora-clean-2019', 'image62': 'https://www.sephora.com/productimages/sku/s2535367-main-Lthumb.jpg?pb=2020-03-sephora-clean-2019', 'image97': 'https://www.sephora.com/productimages/sku/s2535367-main-Sgrid.jpg?pb=2020-03-sephora-clean-2019'}, 'skuType': 'Standard'}",Unseen Sunscreen SPF 40 PA+++,https://www.sephora.com/productimages/sku/s2535367-main-grid.jpg?pb=2020-03-sephora-clean-2019,https://www.sephora.com/productimages/sku/s2535367-main-grid.jpg?pb=2020-03-sephora-clean-2019,https://www.sephora.com/productimages/sku/s2535367-main-hero.jpg?pb=2020-03-sephora-clean-2019,https://www.sephora.com/productimages/sku/s2535367-main-Lhero.jpg?pb=2020-03-sephora-clean-2019,P454380,4.2525,3346,/product/supergoop-unseen-sunscreen-spf-40-P454380,,
The Ordinary,"{'biExclusiveLevel': 'none', 'imageAltText': 'The Ordinary - Glycolic Acid 7% Exfoliating Toning Solution', 'isAppExclusive': False, 'isBI': False, 'isBest': False, 'isFirstAccess': False, 'isLimitedEdition': False, 'isLimitedTimeOffer': False, 'isNatural': False, 'isNew': False, 'isOnlineOnly': False, 'isOrganic': False, 'isSephoraExclusive': False, 'listPrice': '$13.00', 'salePrice': '', 'skuId': '2031508', 'skuImages': {'image135': 'https://www.sephora.com/productimages/sku/s2031508-main-grid.jpg', 'image162': 'https://www.sephora.com/productimages/sku/s2031508-162.jpg', 'image250': 'https://www.sephora.com/productimages/sku/s2031508-main-hero.jpg', 'image42': 'https://www.sephora.com/productimages/sku/s2031508-main-thumb.jpg', 'image450': 'https://www.sephora.com/productimages/sku/s2031508-main-Lhero.jpg', 'image62': 'https://www.sephora.com/productimages/sku/s2031508-main-Lthumb.jpg', 'image97': 'https://www.sephora.com/productimages/sku/s2031508-main-Sgrid.jpg'}, 'skuType': 'Standard'}",Glycolic Acid 7% Exfoliating Toning Solution,https://www.sephora.com/productimages/sku/s2031508-main-grid.jpg,https://www.sephora.com/productimages/sku/s2031508-main-grid.jpg,https://www.sephora.com/productimages/sku/s2031508-main-hero.jpg,https://www.sephora.com/productimages/sku/s2031508-main-Lhero.jpg,P427406,4.3422,2992,/product/the-ordinary-deciem-glycolic-acid-7-toning-solution-P427406,,
Glow Recipe,"{'badgeAltText': 'Clean plus planet positive', 'biExclusiveLevel': 'none', 'imageAltText': 'Glow Recipe - Watermelon Glow Niacinamide Dew Drops Serum', 'isAppExclusive': False, 'isBI': False, 'isBest': False, 'isFirstAccess': False, 'isLimitedEdition': False, 'isLimitedTimeOffer': False, 'isNatural': False, 'isNew': False, 'isOnlineOnly': False, 'isOrganic': False, 'isSephoraExclusive': True, 'listPrice': '$20.00 - $49.00', 'salePrice': '', 'skuId': '2404846', 'skuImages': {'image135': 'https://www.sephora.com/productimages/sku/s2404846-main-grid.jpg?pb=clean-planet-positive-badge-2021', 'image162': 'https://www.sephora.com/productimages/sku/s2404846-162.jpg?pb=clean-planet-positive-badge-2021', 'image250': 'https://www.sephora.com/productimages/sku/s2404846-main-hero.jpg?pb=clean-planet-positive-badge-2021', 'image42': 'https://www.sephora.com/productimages/sku/s2404846-main-thumb.jpg?pb=clean-planet-positive-badge-2021', 'image450': 'https://www.sephora.com/productimages/sku/s2404846-main-Lhero.jpg?pb=clean-planet-positive-badge-2021', 'image62': 'https://www.sephora.com/productimages/sku/s2404846-main-Lthumb.jpg?pb=clean-planet-positive-badge-2021', 'image97': 'https://www.sephora.com/productimages/sku/s2404846-main-Sgrid.jpg?pb=clean-planet-positive-badge-2021'}, 'skuType': 'Standard'}",Watermelon Glow Niacinamide Dew Drops Serum,https://www.sephora.com/productimages/sku/s2404846-main-grid.jpg?pb=clean-planet-positive-badge-2021,https://www.sephora.com/productimages/sku/s2404846-main-grid.jpg?pb=clean-planet-positive-badge-2021,https://www.sephora.com/productimages/sku/s2404846-main-hero.jpg?pb=clean-planet-positive-badge-2021,https://www.sephora.com/productimages/sku/s2404846-main-Lhero.jpg?pb=clean-planet-positive-badge-2021,P466123,4.3834,2538,/product/glow-recipe-watermelon-glow-niacinamide-dew-drops-P466123,,
Drunk Elephant,"{'badgeAltText': 'Clean at Sephora', 'biExclusiveLevel': 'none', 'imageAltText': 'Drunk Elephant - Protini™ Polypeptide Firming Refillable Moisturizer', 'isAppExclusive': False, 'isBI': False, 'isBest': False, 'isFirstAccess': False, 'isLimitedEdition': False, 'isLimitedTimeOffer': False, 'isNatural': False, 'isNew': False, 'isOnlineOnly': False, 'isOrganic': False, 'isSephoraExclusive': False, 'listPrice': '$22.00 - $68.00', 'salePrice': '', 'skuId': '2025633', 'skuImages': {'image135': 'https://www.sephora.com/productimages/sku/s2025633-main-grid.jpg?pb=2020-03-sephora-clean-2019', 'image162': 'https://www.sephora.com/productimages/sku/s2025633-162.jpg?pb=2020-03-sephora-clean-2019', 'image250': 'https://www.sephora.com/productimages/sku/s2025633-main-hero.jpg?pb=2020-03-sephora-clean-2019', 'image42': 'https://www.sephora.com/productimages/sku/s2025633-main-thumb.jpg?pb=2020-03-sephora-clean-2019', 'image450': 'https://www.sephora.com/productimages/sku/s2025633-main-Lhero.jpg?pb=2020-03-sephora-clean-2019', 'image62': 'https://www.sephora.com/productimages/sku/s2025633-main-Lthumb.jpg?pb=2020-03-sephora-clean-2019', 'image97': 'https://www.sephora.com/productimages/sku/s2025633-main-Sgrid.jpg?pb=2020-03-sephora-clean-2019'}, 'skuType': 'Standard'}",Protini™ Polypeptide Firming Refillable Moisturizer,https://www.sephora.com/productimages/sku/s2025633-main-grid.jpg?pb=2020-03-sephora-clean-2019,https://www.sephora.com/productimages/sku/s2025633-main-grid.jpg?pb=2020-03-sephora-clean-2019,https://www.sephora.com/productimages/sku/s2025633-main-hero.jpg?pb=2020-03-sephora-clean-2019,https://www.sephora.com/productimages/sku/s2025633-main-Lhero.jpg?pb=2020-03-sephora-clean-2019,P427421,4.0368,6797,/product/protini-tm-polypeptide-cream-P427421,,Clean at Sephora
Glow Recipe,"{'badgeAltText': 'Clean plus planet positive', 'biExclusiveLevel': 'none', 'imageAltText': 'Glow Recipe - Watermelon Glow PHA + BHA Pore-Tight Toner', 'isAppExclusive': False, 'isBI': False, 'isBest': False, 'isFirstAccess': False, 'isLimitedEdition': False, 'isLimitedTimeOffer': False, 'isNatural': False, 'isNew': False, 'isOnlineOnly': False, 'isOrganic': False, 'isSephoraExclusive': True, 'listPrice': '$15.00 - $34.00', 'salePrice': '', 'skuId': '2348431', 'skuImages': {'image135': 'https://www.sephora.com/productimages/sku/s2348431-main-grid.jpg?pb=clean-planet-positive-badge-2021', 'image162': 'https://www.sephora.com/productimages/sku/s2348431-162.jpg?pb=clean-planet-positive-badge-2021', 'image250': 'https://www.sephora.com/productimages/sku/s2348431-main-hero.jpg?pb=clean-planet-positive-badge-2021', 'image42': 'https://www.sephora.com/productimages/sku/s2348431-main-thumb.jpg?pb=clean-planet-positive-badge-2021', 'image450': 'https://www.sephora.com/productimages/sku/s2348431-main-Lhero.jpg?pb=clean-planet-positive-badge-2021', 'image62': 'https://www.sephora.com/productimages/sku/s2348431-main-Lthumb.jpg?pb=clean-planet-positive-badge-2021', 'image97': 'https://www.sephora.com/productimages/sku/s2348431-main-Sgrid.jpg?pb=clean-planet-positive-badge-2021'}, 'skuType': 'Standard'}",Watermelon Glow PHA + BHA Pore-Tight Toner,https://www.sephora.com/productimages/sku/s2348431-main-grid.jpg?pb=clean-planet-positive-badge-2021,https://www.sephora.com/productimages/sku/s2348431-main-grid.jpg?pb=clean-planet-positive-badge-2021,https://www.sephora.com/productimages/sku/s2348431-main-hero.jpg?pb=clean-planet-positive-badge-2021,https://www.sephora.com/productimages/sku/s2348431-main-Lhero.jpg?pb=clean-planet-positive-badge-2021,P458219,4.3562,3523,/product/glow-recipe-watermelon-glow-pha-bha-pore-tight-toner-P458219,,
Tatcha,"{'badgeAltText': 'Clean at Sephora', 'biExclusiveLevel': 'none', 'imageAltText': 'Tatcha - The Water Cream Oil-Free Pore Minimizing Moisturizer', 'isAppExclusive': False, 'isBI': False, 'isBest': False, 'isFirstAccess': False, 'isLimitedEdition': False, 'isLimitedTimeOffer': False, 'isNatural': False, 'isNew': False, 'isOnlineOnly': False, 'isOrganic': False, 'isSephoraExclusive': True, 'listPrice': '$22.00 - $85.00', 'salePrice': '', 'skuId': '1932920', 'skuImages': {'image135': 'https://www.sephora.com/productimages/sku/s1932920-main-grid.jpg?pb=2020-03-sephora-clean-2019', 'image162': 'https://www.sephora.com/productimages/sku/s1932920-162.jpg?pb=2020-03-sephora-clean-2019', 'image250': 'https://www.sephora.com/productimages/sku/s1932920-main-hero.jpg?pb=2020-03-sephora-clean-2019', 'image42': 'https://www.sephora.com/productimages/sku/s1932920-main-thumb.jpg?pb=2020-03-sephora-clean-2019', 'image450': 'https://www.sephora.com/productimages/sku/s1932920-main-Lhero.jpg?pb=2020-03-sephora-clean-2019', 'image62': 'https://www.sephora.com/productimages/sku/s1932920-main-Lthumb.jpg?pb=2020-03-sephora-clean-2019', 'image97': 'https://www.sephora.com/productimages/sku/s1932920-main-Sgrid.jpg?pb=2020-03-sephora-clean-2019'}, 'skuType': 'Standard'}",The Water Cream Oil-Free Pore Minimizing Moisturizer,https://www.sephora.com/productimages/sku/s1932920-main-grid.jpg?pb=2020-03-sephora-clean-2019,https://www.sephora.com/productimages/sku/s1932920-main-grid.jpg?pb=2020-03-sephora-clean-2019,https://www.sephora.com/productimages/sku/s1932920-main-hero.jpg?pb=2020-03-sephora-clean-2019,https://www.sephora.com/productimages/sku/s1932920-main-Lhero.jpg?pb=2020-03-sephora-clean-2019,P418218,4.0225,4215,/product/the-water-cream-P418218,,Clean at Sephora
Sol de Janeiro,"{'biExclusiveLevel': 'none', 'imageAltText': 'Sol de Janeiro - Brazilian Crush Cheirosa ’40 Bom Dia Hair & Body Fragrance Mist', 'isAppExclusive': False, 'isBI': False, 'isBest': False, 'isFirstAccess': False, 'isLimitedEdition': False, 'isLimitedTimeOffer': False, 'isNatural': False, 'isNew': False, 'isOnlineOnly': False, 'isOrganic': False, 'isSephoraExclusive': True, 'listPrice': '$24.00 - $38.00', 'salePrice': '', 'skuId': '2461812', 'skuImages': {'image135': 'https://www.sephora.com/productimages/sku/s2461812-main-grid.jpg', 'image162': 'https://www.sephora.com/productimages/sku/s2461812-162.jpg', 'image250': 'https://www.sephora.com/productimages/sku/s2461812-main-hero.jpg', 'image42': 'https://www.sephora.com/productimages/sku/s2461812-main-thumb.jpg', 'image450': 'https://www.sephora.com/productimages/sku/s2461812-main-Lhero.jpg', 'image62': 'https://www.sephora.com/productimages/sku/s2461812-main-Lthumb.jpg', 'image97': 'https://www.sephora.com/productimages/sku/s2461812-main-Sgrid.jpg'}, 'skuType': 'Standard'}",Brazilian Crush Cheirosa ’40 Bom Dia Hair & Body Fragrance Mist,https://www.sephora.com/productimages/sku/s2461812-main-grid.jpg,https://www.sephora.com/productimages/sku/s2461812-main-grid.jpg,https://www.sephora.com/productimages/sku/s2461812-main-hero.jpg,https://www.sephora.com/productimages/sku/s2461812-main-Lhero.jpg,P472072,4.4076,1001,/product/sol-de-janeiro-brazilian-crush-cheriosa-40-hair-body-fragrance-mist-P472072,,
Youth To The People,"{'badgeAltText': 'Clean plus planet positive', 'biExclusiveLevel': 'none', 'imageAltText': 'Youth To The People - Superfood Antioxidant Refillable Cleanser', 'isAppExclusive': False, 'isBI': False, 'isBest': False, 'isFirstAccess': False, 'isLimitedEdition': False, 'isLimitedTimeOffer': False, 'isNatural': False, 'isNew': False, 'isOnlineOnly': False, 'isOrganic': False, 'isSephoraExclusive': False, 'listPrice': '$14.00 - $68.00', 'salePrice': '', 'skuId': '1863588', 'skuImages': {'image135': 'https://www.sephora.com/productimages/sku/s1863588-main-grid.jpg?pb=clean-planet-positive-badge-2021', 'image162': 'https://www.sephora.com/productimages/sku/s1863588-162.jpg?pb=clean-planet-positive-badge-2021', 'image250': 'https://www.sephora.com/productimages/sku/s1863588-main-hero.jpg?pb=clean-planet-positive-badge-2021', 'image42': 'https://www.sephora.com/productimages/sku/s1863588-main-thumb.jpg?pb=clean-planet-positive-badge-2021', 'image450': 'https://www.sephora.com/productimages/sku/s1863588-main-Lhero.jpg?pb=clean-planet-positive-badge-2021', 'image62': 'https://www.sephora.com/productimages/sku/s1863588-main-Lthumb.jpg?pb=clean-planet-positive-badge-2021', 'image97': 'https://www.sephora.com/productimages/sku/s1863588-main-Sgrid.jpg?pb=clean-planet-positive-badge-2021'}, 'skuType': 'Standard'}",Superfood Antioxidant Refillable Cleanser,https://www.sephora.com/productimages/sku/s1863588-main-grid.jpg?pb=clean-planet-positive-badge-2021,https://www.sephora.com/productimages/sku/s1863588-main-grid.jpg?pb=clean-planet-positive-badge-2021,https://www.sephora.com/productimages/sku/s1863588-main-hero.jpg?pb=clean-planet-positive-badge-2021,https://www.sephora.com/productimages/sku/s1863588-main-Lhero.jpg?pb=clean-planet-positive-badge-2021,P411387,4.2045,6004,/product/kale-spinach-green-tea-age-prevention-cleanser-P411387,,Allure Best of Beauty 2019
Skinfix,"{'badgeAltText': 'Clean plus planet positive', 'biExclusiveLevel': 'none', 'imageAltText': 'Skinfix - Barrier+ Triple Lipid-Peptide Refillable Face Cream', 'isAppExclusive': False, 'isBI': False, 'isBest': False, 'isFirstAccess': False, 'isLimitedEdition': False, 'isLimitedTimeOffer': False, 'isNatural': False, 'isNew': False, 'isOnlineOnly': False, 'isOrganic': False, 'isSephoraExclusive': True, 'listPrice': '$20.00 - $78.00', 'salePrice': '', 'skuId': '2215945', 'skuImages': {'image135': 'https://www.sephora.com/productimages/sku/s2215945-main-grid.jpg?pb=clean-planet-positive-badge-2021', 'image162': 'https://www.sephora.com/productimages/sku/s2215945-162.jpg?pb=clean-planet-positive-badge-2021', 'image250': 'https://www.sephora.com/productimages/sku/s2215945-main-hero.jpg?pb=clean-planet-positive-badge-2021', 'image42': 'https://www.sephora.com/productimages/sku/s2215945-main-thumb.jpg?pb=clean-planet-positive-badge-2021', 'image450': 'https://www.sephora.com/productimages/sku/s2215945-main-Lhero.jpg?pb=clean-planet-positive-badge-2021', 'image62': 'https://www.sephora.com/productimages/sku/s2215945-main-Lthumb.jpg?pb=clean-planet-positive-badge-2021', 'image97': 'https://www.sephora.com/productimages/sku/s2215945-main-Sgrid.jpg?pb=clean-planet-positive-badge-2021'}, 'skuType': 'Standard'}",Barrier+ Triple Lipid-Peptide Refillable Face Cream,https://www.sephora.com/productimages/sku/s2215945-main-grid.jpg?pb=clean-planet-positive-badge-2021,https://www.sephora.com/productimages/sku/s2215945-main-grid.jpg?pb=clean-planet-positive-badge-2021,https://www.sephora.com/productimages/sku/s2215945-main-hero.jpg?pb=clean-planet-positive-badge-2021,https://www.sephora.com/productimages/sku/s2215945-main-Lhero.jpg?pb=clean-planet-positive-badge-2021,P442840,4.265,2574,/product/barrier-lipid-peptide-cream-P442840,,Clean at Sephora
Topicals,"{'badgeAltText': 'Clean at Sephora', 'biExclusiveLevel': 'none', 'imageAltText': 'Topicals - Faded Serum for Dark Spots & Discoloration', 'isAppExclusive': False, 'isBI': False, 'isBest': False, 'isFirstAccess': False, 'isLimitedEdition': False, 'isLimitedTimeOffer': False, 'isNatural': False, 'isNew': False, 'isOnlineOnly': False, 'isOrganic': False, 'isSephoraExclusive': True, 'listPrice': '$18.00 - $38.00', 'salePrice': '', 'skuId': '2457042', 'skuImages': {'image135': 'https://www.sephora.com/productimages/sku/s2457042-main-grid.jpg?pb=2020-03-sephora-clean-2019', 'image162': 'https://www.sephora.com/productimages/sku/s2457042-162.jpg?pb=2020-03-sephora-clean-2019', 'image250': 'https://www.sephora.com/productimages/sku/s2457042-main-hero.jpg?pb=2020-03-sephora-clean-2019', 'image42': 'https://www.sephora.com/productimages/sku/s2457042-main-thumb.jpg?pb=2020-03-sephora-clean-2019', 'image450': 'https://www.sephora.com/productimages/sku/s2457042-main-Lhero.jpg?pb=2020-03-sephora-clean-2019', 'image62': 'https://www.sephora.com/productimages/sku/s2457042-main-Lthumb.jpg?pb=2020-03-sephora-clean-2019', 'image97': 'https://www.sephora.com/productimages/sku/s2457042-main-Sgrid.jpg?pb=2020-03-sephora-clean-2019'}, 'skuType': 'Standard'}",Faded Serum for Dark Spots & Discoloration,https://www.sephora.com/productimages/sku/s2457042-main-grid.jpg?pb=2020-03-sephora-clean-2019,https://www.sephora.com/productimages/sku/s2457042-main-grid.jpg?pb=2020-03-sephora-clean-2019,https://www.sephora.com/productimages/sku/s2457042-main-hero.jpg?pb=2020-03-sephora-clean-2019,https://www.sephora.com/productimages/sku/s2457042-main-Lhero.jpg?pb=2020-03-sephora-clean-2019,P470259,3.7483,1172,/product/topicals-faded-serum-for-dark-spots-discoloration-P470259,,
Drunk Elephant,"{'badgeAltText': 'Clean at Sephora', 'biExclusiveLevel': 'none', 'imageAltText': 'Drunk Elephant - Lala Retro™ Whipped Refillable Moisturizer with Ceramides', 'isAppExclusive': False, 'isBI': False, 'isBest': False, 'isFirstAccess': False, 'isLimitedEdition': False, 'isLimitedTimeOffer': False, 'isNatural': False, 'isNew': False, 'isOnlineOnly': False, 'isOrganic': False, 'isSephoraExclusive': False, 'listPrice': '$20.00 - $62.00', 'salePrice': '', 'skuId': '2233849', 'skuImages': {'image135': 'https://www.sephora.com/productimages/sku/s2233849-main-grid.jpg?pb=2020-03-sephora-clean-2019', 'image162': 'https://www.sephora.com/productimages/sku/s2233849-162.jpg?pb=2020-03-sephora-clean-2019', 'image250': 'https://www.sephora.com/productimages/sku/s2233849-main-hero.jpg?pb=2020-03-sephora-clean-2019', 'image42': 'https://www.sephora.com/productimages/sku/s2233849-main-thumb.jpg?pb=2020-03-sephora-clean-2019', 'image450': 'https://www.sephora.com/productimages/sku/s2233849-main-Lhero.jpg?pb=2020-03-sephora-clean-2019', 'image62': 'https://www.sephora.com/productimages/sku/s2233849-main-Lthumb.jpg?pb=2020-03-sephora-clean-2019', 'image97': 'https://www.sephora.com/productimages/sku/s2233849-main-Sgrid.jpg?pb=2020-03-sephora-clean-2019'}, 'skuType': 'Standard'}",Lala Retro™ Whipped Refillable Moisturizer with Ceramides,https://www.sephora.com/productimages/sku/s2233849-main-grid.jpg?pb=2020-03-sephora-clean-2019,https://www.sephora.com/productimages/sku/s2233849-main-grid.jpg?pb=2020-03-sephora-clean-2019,https://www.sephora.com/productimages/sku/s2233849-main-hero.jpg?pb=2020-03-sephora-clean-2019,https://www.sephora.com/productimages/sku/s2233849-main-Lhero.jpg?pb=2020-03-sephora-clean-2019,P446938,4.1206,2082,/product/drunk-elephant-lala-retro-whipped-moisturizer-with-ceramides-P446938,,
Dr. Dennis Gross Skincare,"{'badgeAltText': 'Clean at Sephora', 'biExclusiveLevel': 'none', 'imageAltText': 'Dr. Dennis Gross Skincare - Alpha Beta® Extra Strength Daily Peel Pads', 'isAppExclusive': False, 'isBI': False, 'isBest': False, 'isFirstAccess': False, 'isLimitedEdition': False, 'isLimitedTimeOffer': False, 'isNatural': False, 'isNew': False, 'isOnlineOnly': False, 'isOrganic': False, 'isSephoraExclusive': True, 'listPrice': '$20.00 - $153.00', 'salePrice': '', 'skuId': '1499482', 'skuImages': {'image135': 'https://www.sephora.com/productimages/sku/s1499482-main-grid.jpg?pb=2020-03-sephora-clean-2019', 'image162': 'https://www.sephora.com/productimages/sku/s1499482-162.jpg?pb=2020-03-sephora-clean-2019', 'image250': 'https://www.sephora.com/productimages/sku/s1499482-main-hero.jpg?pb=2020-03-sephora-clean-2019', 'image42': 'https://www.sephora.com/productimages/sku/s1499482-main-thumb.jpg?pb=2020-03-sephora-clean-2019', 'image450': 'https://www.sephora.com/productimages/sku/s1499482-main-Lhero.jpg?pb=2020-03-sephora-clean-2019', 'image62': 'https://www.sephora.com/productimages/sku/s1499482-main-Lthumb.jpg?pb=2020-03-sephora-clean-2019', 'image97': 'https://www.sephora.com/productimages/sku/s1499482-main-Sgrid.jpg?pb=2020-03-sephora-clean-2019'}, 'skuType': 'Standard', 'valuePrice': '$102.00'}",Alpha Beta® Extra Strength Daily Peel Pads,https://www.sephora.com/productimages/sku/s1499482-main-grid.jpg?pb=2020-03-sephora-clean-2019,https://www.sephora.com/productimages/sku/s1499482-main-grid.jpg?pb=2020-03-sephora-clean-2019,https://www.sephora.com/productimages/sku/s1499482-main-hero.jpg?pb=2020-03-sephora-clean-2019,https://www.sephora.com/productimages/sku/s1499482-main-Lhero.jpg?pb=2020-03-sephora-clean-2019,P269122,4.5453,7443,/product/alpha-beta-peel-extra-strength-daily-peel-P269122,,
Sephora Favorites,"{'badgeAltText': 'Clean at Sephora', 'biExclusiveLevel': 'none', 'imageAltText': 'Sephora Favorites - Clean Me Up Beauty Set', 'isAppExclusive': False, 'isBI': False, 'isBest': False, 'isFirstAccess': False, 'isLimitedEdition': True, 'isLimitedTimeOffer': False, 'isNatural': False, 'isNew': True, 'isOnlineOnly': False, 'isOrganic': False, 'isSephoraExclusive': True, 'listPrice': '$35.00', 'salePrice': '', 'skuId': '2675619', 'skuImages': {'image135': 'https://www.sephora.com/productimages/sku/s2675619-main-grid.jpg?pb=2020-03-sephora-clean-2019', 'image162': 'https://www.sephora.com/productimages/sku/s2675619-162.jpg?pb=2020-03-sephora-clean-2019', 'image250': 'https://www.sephora.com/productimages/sku/s2675619-main-hero.jpg?pb=2020-03-sephora-clean-2019', 'image42': 'https://www.sephora.com/productimages/sku/s2675619-main-thumb.jpg?pb=2020-03-sephora-clean-2019', 'image450': 'https://www.sephora.com/productimages/sku/s2675619-main-Lhero.jpg?pb=2020-03-sephora-clean-2019', 'image62': 'https://www.sephora.com/productimages/sku/s2675619-main-Lthumb.jpg?pb=2020-03-sephora-clean-2019', 'image97': 'https://www.sephora.com/productimages/sku/s2675619-main-Sgrid.jpg?pb=2020-03-sephora-clean-2019'}, 'skuType': 'Standard', 'valuePrice': '$110.00'}",Clean Me Up Beauty Set,https://www.sephora.com/productimages/sku/s2675619-main-grid.jpg?pb=2020-03-sephora-clean-2019,https://www.sephora.com/productimages/sku/s2675619-main-grid.jpg?pb=2020-03-sephora-clean-2019,https://www.sephora.com/productimages/sku/s2675619-main-hero.jpg?pb=2020-03-sephora-clean-2019,https://www.sephora.com/productimages/sku/s2675619-main-Lhero.jpg?pb=2020-03-sephora-clean-2019,P505395,4.6952,105,/product/clean-me-up-beauty-set-P505395,,
Dior,"{'biExclusiveLevel': 'none', 'imageAltText': 'Dior - Dior Addict Lip Glow', 'isAppExclusive': False, 'isBI': False, 'isBest': False, 'isFirstAccess': False, 'isLimitedEdition': True, 'isLimitedTimeOffer': False, 'isNatural': False, 'isNew': True, 'isOnlineOnly': True, 'isOrganic': False, 'isSephoraExclusive': False, 'listPrice': '$40.00', 'salePrice': '', 'skuId': '2690626', 'skuImages': {'image135': 'https://www.sephora.com/productimages/sku/s2690626-main-grid.jpg', 'image162': 'https://www.sephora.com/productimages/sku/s2690626-162.jpg', 'image250': 'https://www.sephora.com/productimages/sku/s2690626-main-hero.jpg', 'image42': 'https://www.sephora.com/productimages/sku/s2690626-main-thumb.jpg', 'image450': 'https://www.sephora.com/productimages/sku/s2690626-main-Lhero.jpg', 'image62': 'https://www.sephora.com/productimages/sku/s2690626-main-Lthumb.jpg', 'image97': 'https://www.sephora.com/productimages/sku/s2690626-main-Sgrid.jpg'}, 'skuType': 'Standard'}",Dior Addict Lip Glow,https://www.sephora.com/productimages/sku/s2690626-main-grid.jpg,https://www.sephora.com/productimages/sku/s2690626-main-grid.jpg,https://www.sephora.com/productimages/sku/s2690626-main-hero.jpg,https://www.sephora.com/productimages/sku/s2690626-main-Lhero.jpg,P236816,4.324,2170,/product/dior-addict-lip-glow-color-reviver-balm-P236816,14.0,
Tatcha,"{'badgeAltText': 'Clean at Sephora', 'biExclusiveLevel': 'none', 'imageAltText': 'Tatcha - Mini Favorites Set', 'isAppExclusive': False, 'isBI': False, 'isBest': False, 'isFirstAccess': False, 'isLimitedEdition': False, 'isLimitedTimeOffer': False, 'isNatural': False, 'isNew': False, 'isOnlineOnly': False, 'isOrganic': False, 'isSephoraExclusive': True, 'listPrice': '$68.00', 'salePrice': '', 'skuId': '2653376', 'skuImages': {'image135': 'https://www.sephora.com/productimages/sku/s2653376-main-grid.jpg?pb=2020-03-sephora-clean-2019', 'image162': 'https://www.sephora.com/productimages/sku/s2653376-162.jpg?pb=2020-03-sephora-clean-2019', 'image250': 'https://www.sephora.com/productimages/sku/s2653376-main-hero.jpg?pb=2020-03-sephora-clean-2019', 'image42': 'https://www.sephora.com/productimages/sku/s2653376-main-thumb.jpg?pb=2020-03-sephora-clean-2019', 'image450': 'https://www.sephora.com/productimages/sku/s2653376-main-Lhero.jpg?pb=2020-03-sephora-clean-2019', 'image62': 'https://www.sephora.com/productimages/sku/s2653376-main-Lthumb.jpg?pb=2020-03-sephora-clean-2019', 'image97': 'https://www.sephora.com/productimages/sku/s2653376-main-Sgrid.jpg?pb=2020-03-sephora-clean-2019'}, 'skuType': 'Standard', 'valuePrice': '$118.00'}",Mini Favorites Set,https://www.sephora.com/productimages/sku/s2653376-main-grid.jpg?pb=2020-03-sephora-clean-2019,https://www.sephora.com/productimages/sku/s2653376-main-grid.jpg?pb=2020-03-sephora-clean-2019,https://www.sephora.com/productimages/sku/s2653376-main-hero.jpg?pb=2020-03-sephora-clean-2019,https://www.sephora.com/productimages/sku/s2653376-main-Lhero.jpg?pb=2020-03-sephora-clean-2019,P504327,4.25,40,/product/tatcha-mini-tatcha-favorites-set-P504327,,
Sol de Janeiro,"{'biExclusiveLevel': 'none', 'imageAltText': 'Sol de Janeiro - Mini Brazilian Crush Body Fragrance Mist', 'isAppExclusive': False, 'isBI': False, 'isBest': False, 'isFirstAccess': False, 'isLimitedEdition': False, 'isLimitedTimeOffer': False, 'isNatural': False, 'isNew': False, 'isOnlineOnly': False, 'isOrganic': False, 'isSephoraExclusive': True, 'listPrice': '$24.00', 'salePrice': '', 'skuId': '1985118', 'skuImages': {'image135': 'https://www.sephora.com/productimages/sku/s1985118-main-grid.jpg', 'image162': 'https://www.sephora.com/productimages/sku/s1985118-162.jpg', 'image250': 'https://www.sephora.com/productimages/sku/s1985118-main-hero.jpg', 'image42': 'https://www.sephora.com/productimages/sku/s1985118-main-thumb.jpg', 'image450': 'https://www.sephora.com/productimages/sku/s1985118-main-Lhero.jpg', 'image62': 'https://www.sephora.com/productimages/sku/s1985118-main-Lthumb.jpg', 'image97': 'https://www.sephora.com/productimages/sku/s1985118-main-Sgrid.jpg'}, 'skuType': 'Standard'}",Mini Brazilian Crush Body Fragrance Mist,https://www.sephora.com/productimages/sku/s1985118-main-grid.jpg,https://www.sephora.com/productimages/sku/s1985118-main-grid.jpg,https://www.sephora.com/productimages/sku/s1985118-main-hero.jpg,https://www.sephora.com/productimages/sku/s1985118-main-Lhero.jpg,P421481,4.4653,1414,/product/brazilian-crush-body-fragrance-mist-mini-P421481,,
The Ordinary,"{'biExclusiveLevel': 'none', 'imageAltText': 'The Ordinary - AHA 30% + BHA 2% Exfoliating Peeling Solution', 'isAppExclusive': False, 'isBI': False, 'isBest': False, 'isFirstAccess': False, 'isLimitedEdition': False, 'isLimitedTimeOffer': False, 'isNatural': False, 'isNew': False, 'isOnlineOnly': False, 'isOrganic': False, 'isSephoraExclusive': False, 'listPrice': '$9.50', 'salePrice': '', 'skuId': '2210607', 'skuImages': {'image135': 'https://www.sephora.com/productimages/sku/s2210607-main-grid.jpg', 'image162': 'https://www.sephora.com/productimages/sku/s2210607-162.jpg', 'image250': 'https://www.sephora.com/productimages/sku/s2210607-main-hero.jpg', 'image42': 'https://www.sephora.com/productimages/sku/s2210607-main-thumb.jpg', 'image450': 'https://www.sephora.com/productimages/sku/s2210607-main-Lhero.jpg', 'image62': 'https://www.sephora.com/productimages/sku/s2210607-main-Lthumb.jpg', 'image97': 'https://www.sephora.com/productimages/sku/s2210607-main-Sgrid.jpg'}, 'skuType': 'Standard'}",AHA 30% + BHA 2% Exfoliating Peeling Solution,https://www.sephora.com/productimages/sku/s2210607-main-grid.jpg,https://www.sephora.com/productimages/sku/s2210607-main-grid.jpg,https://www.sephora.com/productimages/sku/s2210607-main-hero.jpg,https://www.sephora.com/productimages/sku/s2210607-main-Lhero.jpg,P442563,4.5558,3305,/product/aha-30-bha-2-peeling-solution-P442563,,
bareMinerals,"{'badgeAltText': 'Clean at Sephora', 'biExclusiveLevel': 'none', 'imageAltText': 'bareMinerals - COMPLEXION RESCUE® Tinted Moisturizer with Hyaluronic Acid and Mineral SPF 30', 'isAppExclusive': False, 'isBI': False, 'isBest': False, 'isFirstAccess': False, 'isLimitedEdition': False, 'isLimitedTimeOffer': False, 'isNatural': False, 'isNew': False, 'isOnlineOnly': False, 'isOrganic': False, 'isSephoraExclusive': False, 'listPrice': '$22.00 - $37.00', 'salePrice': '', 'skuId': '2176972', 'skuImages': {'image135': 'https://www.sephora.com/productimages/sku/s2176972-main-grid.jpg?pb=2020-03-sephora-clean-2019', 'image162': 'https://www.sephora.com/productimages/sku/s2176972-162.jpg?pb=2020-03-sephora-clean-2019', 'image250': 'https://www.sephora.com/productimages/sku/s2176972-main-hero.jpg?pb=2020-03-sephora-clean-2019', 'image42': 'https://www.sephora.com/productimages/sku/s2176972-main-thumb.jpg?pb=2020-03-sephora-clean-2019', 'image450': 'https://www.sephora.com/productimages/sku/s2176972-main-Lhero.jpg?pb=2020-03-sephora-clean-2019', 'image62': 'https://www.sephora.com/productimages/sku/s2176972-main-Lthumb.jpg?pb=2020-03-sephora-clean-2019', 'image97': 'https://www.sephora.com/productimages/sku/s2176972-main-Sgrid.jpg?pb=2020-03-sephora-clean-2019'}, 'skuType': 'Standard'}",COMPLEXION RESCUE® Tinted Moisturizer with Hyaluronic Acid and Mineral SPF 30,https://www.sephora.com/productimages/sku/s2176972-main-grid.jpg?pb=2020-03-sephora-clean-2019,https://www.sephora.com/productimages/sku/s2176972-main-grid.jpg?pb=2020-03-sephora-clean-2019,https://www.sephora.com/productimages/sku/s2176972-main-hero.jpg?pb=2020-03-sephora-clean-2019,https://www.sephora.com/productimages/sku/s2176972-main-Lhero.jpg?pb=2020-03-sephora-clean-2019,P393356,4.0053,3987,/product/complexion-rescue-tinted-hydrating-gel-cream-P393356,39.0,Allure Best of Beauty Seal
Kiehl's Since 1851,"{'badgeAltText': 'Clean at Sephora', 'biExclusiveLevel': 'none', 'imageAltText': ""Kiehl's Since 1851 - Ultra Facial Refillable Moisturizing Cream with Squalane"", 'isAppExclusive': False, 'isBI': False, 'isBest': False, 'isFirstAccess': False, 'isLimitedEdition': False, 'isLimitedTimeOffer': False, 'isNatural': False, 'isNew': False, 'isOnlineOnly': False, 'isOrganic': False, 'isSephoraExclusive': False, 'listPrice': '$24.00 - $78.00', 'salePrice': '', 'skuId': '2663763', 'skuImages': {'image135': 'https://www.sephora.com/productimages/sku/s2663763-main-grid.jpg?pb=2020-03-sephora-clean-2019', 'image162': 'https://www.sephora.com/productimages/sku/s2663763-162.jpg?pb=2020-03-sephora-clean-2019', 'image250': 'https://www.sephora.com/productimages/sku/s2663763-main-hero.jpg?pb=2020-03-sephora-clean-2019', 'image42': 'https://www.sephora.com/productimages/sku/s2663763-main-thumb.jpg?pb=2020-03-sephora-clean-2019', 'image450': 'https://www.sephora.com/productimages/sku/s2663763-main-Lhero.jpg?pb=2020-03-sephora-clean-2019', 'image62': 'https://www.sephora.com/productimages/sku/s2663763-main-Lthumb.jpg?pb=2020-03-sephora-clean-2019', 'image97': 'https://www.sephora.com/productimages/sku/s2663763-main-Sgrid.jpg?pb=2020-03-sephora-clean-2019'}, 'skuType': 'Standard'}",Ultra Facial Refillable Moisturizing Cream with Squalane,https://www.sephora.com/productimages/sku/s2663763-main-grid.jpg?pb=2020-03-sephora-clean-2019,https://www.sephora.com/productimages/sku/s2663763-main-grid.jpg?pb=2020-03-sephora-clean-2019,https://www.sephora.com/productimages/sku/s2663763-main-hero.jpg?pb=2020-03-sephora-clean-2019,https://www.sephora.com/productimages/sku/s2663763-main-Lhero.jpg?pb=2020-03-sephora-clean-2019,P421996,4.4456,2538,/product/ultra-facial-cream-P421996,,
La Mer,"{'biExclusiveLevel': 'none', 'imageAltText': 'La Mer - Crème de la Mer Moisturizer', 'isAppExclusive': False, 'isBI': False, 'isBest': False, 'isFirstAccess': False, 'isLimitedEdition': False, 'isLimitedTimeOffer': False, 'isNatural': False, 'isNew': False, 'isOnlineOnly': True, 'isOrganic': False, 'isSephoraExclusive': False, 'listPrice': '$100.00 - $570.00', 'salePrice': '', 'skuId': '1932219', 'skuImages': {'image135': 'https://www.sephora.com/productimages/sku/s1932219-main-grid.jpg', 'image162': 'https://www.sephora.com/productimages/sku/s1932219-162.jpg', 'image250': 'https://www.sephora.com/productimages/sku/s1932219-main-hero.jpg', 'image42': 'https://www.sephora.com/productimages/sku/s1932219-main-thumb.jpg', 'image450': 'https://www.sephora.com/productimages/sku/s1932219-main-Lhero.jpg', 'image62': 'https://www.sephora.com/productimages/sku/s1932219-main-Lthumb.jpg', 'image97': 'https://www.sephora.com/productimages/sku/s1932219-main-Sgrid.jpg'}, 'skuType': 'Standard'}",Crème de la Mer Moisturizer,https://www.sephora.com/productimages/sku/s1932219-main-grid.jpg,https://www.sephora.com/productimages/sku/s1932219-main-grid.jpg,https://www.sephora.com/productimages/sku/s1932219-main-hero.jpg,https://www.sephora.com/productimages/sku/s1932219-main-Lhero.jpg,P416341,4.0536,1400,/product/creme-de-la-mer-moisturizing-cream-P416341,,
Glow Recipe,"{'badgeAltText': 'Clean plus planet positive', 'biExclusiveLevel': 'none', 'imageAltText': 'Glow Recipe - Fruit Babies Bestsellers Kit', 'isAppExclusive': False, 'isBI': False, 'isBest': False, 'isFirstAccess': False, 'isLimitedEdition': False, 'isLimitedTimeOffer': False, 'isNatural': False, 'isNew': False, 'isOnlineOnly': False, 'isOrganic': False, 'isSephoraExclusive': True, 'listPrice': '$34.00', 'salePrice': '', 'skuId': '2640332', 'skuImages': {'image135': 'https://www.sephora.com/productimages/sku/s2640332-main-grid.jpg?pb=clean-planet-positive-badge-2021', 'image162': 'https://www.sephora.com/productimages/sku/s2640332-162.jpg?pb=clean-planet-positive-badge-2021', 'image250': 'https://www.sephora.com/productimages/sku/s2640332-main-hero.jpg?pb=clean-planet-positive-badge-2021', 'image42': 'https://www.sephora.com/productimages/sku/s2640332-main-thumb.jpg?pb=clean-planet-positive-badge-2021', 'image450': 'https://www.sephora.com/productimages/sku/s2640332-main-Lhero.jpg?pb=clean-planet-positive-badge-2021', 'image62': 'https://www.sephora.com/productimages/sku/s2640332-main-Lthumb.jpg?pb=clean-planet-positive-badge-2021', 'image97': 'https://www.sephora.com/productimages/sku/s2640332-main-Sgrid.jpg?pb=clean-planet-positive-badge-2021'}, 'skuType': 'Standard'}",Fruit Babies Bestsellers Kit,https://www.sephora.com/productimages/sku/s2640332-main-grid.jpg?pb=clean-planet-positive-badge-2021,https://www.sephora.com/productimages/sku/s2640332-main-grid.jpg?pb=clean-planet-positive-badge-2021,https://www.sephora.com/productimages/sku/s2640332-main-hero.jpg?pb=clean-planet-positive-badge-2021,https://www.sephora.com/productimages/sku/s2640332-main-Lhero.jpg?pb=clean-planet-positive-badge-2021,P504171,4.4853,272,/product/glow-recipe-fruit-babies-bestsellers-kit-P504171,,
IT Cosmetics,"{'biExclusiveLevel': 'none', 'imageAltText': 'IT Cosmetics - CC+ Cream Full Coverage Color Correcting Foundation with SPF 50+', 'isAppExclusive': False, 'isBI': False, 'isBest': False, 'isFirstAccess': False, 'isLimitedEdition': False, 'isLimitedTimeOffer': False, 'isNatural': False, 'isNew': False, 'isOnlineOnly': False, 'isOrganic': False, 'isSephoraExclusive': False, 'listPrice': '$21.00 - $47.00', 'salePrice': '', 'skuId': '2599835', 'skuImages': {'image135': 'https://www.sephora.com/productimages/sku/s2599835-main-grid.jpg', 'image162': 'https://www.sephora.com/productimages/sku/s2599835-162.jpg', 'image250': 'https://www.sephora.com/productimages/sku/s2599835-main-hero.jpg', 'image42': 'https://www.sephora.com/productimages/sku/s2599835-main-thumb.jpg', 'image450': 'https://www.sephora.com/productimages/sku/s2599835-main-Lhero.jpg', 'image62': 'https://www.sephora.com/productimages/sku/s2599835-main-Lthumb.jpg', 'image97': 'https://www.sephora.com/productimages/sku/s2599835-main-Sgrid.jpg'}, 'skuType': 'Standard'}",CC+ Cream Full Coverage Color Correcting Foundation with SPF 50+,https://www.sephora.com/productimages/sku/s2599835-main-grid.jpg,https://www.sephora.com/productimages/sku/s2599835-main-grid.jpg,https://www.sephora.com/productimages/sku/s2599835-main-hero.jpg,https://www.sephora.com/productimages/sku/s2599835-main-Lhero.jpg,P411885,4.0342,7541,/product/your-skin-but-better-cc-cream-spf-50-P411885,33.0,
Farmacy,"{'badgeAltText': 'Clean plus planet positive', 'biExclusiveLevel': 'none', 'imageAltText': 'Farmacy - Green Clean Makeup Removing Cleansing Balm', 'isAppExclusive': False, 'isBI': False, 'isBest': False, 'isFirstAccess': False, 'isLimitedEdition': False, 'isLimitedTimeOffer': False, 'isNatural': False, 'isNew': False, 'isOnlineOnly': False, 'isOrganic': False, 'isSephoraExclusive': True, 'listPrice': '$24.00 - $60.00', 'salePrice': '', 'skuId': '1899103', 'skuImages': {'image135': 'https://www.sephora.com/productimages/sku/s1899103-main-grid.jpg?pb=clean-planet-positive-badge-2021', 'image162': 'https://www.sephora.com/productimages/sku/s1899103-162.jpg?pb=clean-planet-positive-badge-2021', 'image250': 'https://www.sephora.com/productimages/sku/s1899103-main-hero.jpg?pb=clean-planet-positive-badge-2021', 'image42': 'https://www.sephora.com/productimages/sku/s1899103-main-thumb.jpg?pb=clean-planet-positive-badge-2021', 'image450': 'https://www.sephora.com/productimages/sku/s1899103-main-Lhero.jpg?pb=clean-planet-positive-badge-2021', 'image62': 'https://www.sephora.com/productimages/sku/s1899103-main-Lthumb.jpg?pb=clean-planet-positive-badge-2021', 'image97': 'https://www.sephora.com/productimages/sku/s1899103-main-Sgrid.jpg?pb=clean-planet-positive-badge-2021'}, 'skuType': 'Standard'}",Green Clean Makeup Removing Cleansing Balm,https://www.sephora.com/productimages/sku/s1899103-main-grid.jpg?pb=clean-planet-positive-badge-2021,https://www.sephora.com/productimages/sku/s1899103-main-grid.jpg?pb=clean-planet-positive-badge-2021,https://www.sephora.com/productimages/sku/s1899103-main-hero.jpg?pb=clean-planet-positive-badge-2021,https://www.sephora.com/productimages/sku/s1899103-main-Lhero.jpg?pb=clean-planet-positive-badge-2021,P417238,4.4901,6268,/product/green-clean-makeup-meltaway-cleansing-balm-P417238,,Clean at Sephora
Tower 28 Beauty,"{'badgeAltText': 'Clean at Sephora', 'biExclusiveLevel': 'none', 'imageAltText': 'Tower 28 Beauty - SOS Daily Rescue Facial Spray', 'isAppExclusive': False, 'isBI': False, 'isBest': False, 'isFirstAccess': False, 'isLimitedEdition': False, 'isLimitedTimeOffer': False, 'isNatural': False, 'isNew': False, 'isOnlineOnly': False, 'isOrganic': False, 'isSephoraExclusive': False, 'listPrice': '$12.00 - $28.00', 'salePrice': '', 'skuId': '2527836', 'skuImages': {'image135': 'https://www.sephora.com/productimages/sku/s2527836-main-grid.jpg?pb=2020-03-sephora-clean-2019', 'image162': 'https://www.sephora.com/productimages/sku/s2527836-162.jpg?pb=2020-03-sephora-clean-2019', 'image250': 'https://www.sephora.com/productimages/sku/s2527836-main-hero.jpg?pb=2020-03-sephora-clean-2019', 'image42': 'https://www.sephora.com/productimages/sku/s2527836-main-thumb.jpg?pb=2020-03-sephora-clean-2019', 'image450': 'https://www.sephora.com/productimages/sku/s2527836-main-Lhero.jpg?pb=2020-03-sephora-clean-2019', 'image62': 'https://www.sephora.com/productimages/sku/s2527836-main-Lthumb.jpg?pb=2020-03-sephora-clean-2019', 'image97': 'https://www.sephora.com/productimages/sku/s2527836-main-Sgrid.jpg?pb=2020-03-sephora-clean-2019'}, 'skuType': 'Standard'}",SOS Daily Rescue Facial Spray,https://www.sephora.com/productimages/sku/s2527836-main-grid.jpg?pb=2020-03-sephora-clean-2019,https://www.sephora.com/productimages/sku/s2527836-main-grid.jpg?pb=2020-03-sephora-clean-2019,https://www.sephora.com/productimages/sku/s2527836-main-hero.jpg?pb=2020-03-sephora-clean-2019,https://www.sephora.com/productimages/sku/s2527836-main-Lhero.jpg?pb=2020-03-sephora-clean-2019,P448852,4.2047,767,/product/sos-save-our-skin-daily-rescue-facial-spray-P448852,,
Charlotte Tilbury,"{'biExclusiveLevel': 'none', 'imageAltText': 'Charlotte Tilbury - Magic Cream Moisturizer with Hyaluronic Acid', 'isAppExclusive': False, 'isBI': False, 'isBest': False, 'isFirstAccess': False, 'isLimitedEdition': False, 'isLimitedTimeOffer': False, 'isNatural': False, 'isNew': False, 'isOnlineOnly': False, 'isOrganic': False, 'isSephoraExclusive': False, 'listPrice': '$30.00 - $260.00', 'salePrice': '', 'skuId': '2486272', 'skuImages': {'image135': 'https://www.sephora.com/productimages/sku/s2486272-main-grid.jpg', 'image162': 'https://www.sephora.com/productimages/sku/s2486272-162.jpg', 'image250': 'https://www.sephora.com/productimages/sku/s2486272-main-hero.jpg', 'image42': 'https://www.sephora.com/productimages/sku/s2486272-main-thumb.jpg', 'image450': 'https://www.sephora.com/productimages/sku/s2486272-main-Lhero.jpg', 'image62': 'https://www.sephora.com/productimages/sku/s2486272-main-Lthumb.jpg', 'image97': 'https://www.sephora.com/productimages/sku/s2486272-main-Sgrid.jpg'}, 'skuType': 'Standard'}",Magic Cream Moisturizer with Hyaluronic Acid,https://www.sephora.com/productimages/sku/s2486272-main-grid.jpg,https://www.sephora.com/productimages/sku/s2486272-main-grid.jpg,https://www.sephora.com/productimages/sku/s2486272-main-hero.jpg,https://www.sephora.com/productimages/sku/s2486272-main-Lhero.jpg,P433520,4.3892,3780,/product/charlotte-s-magic-cream-P433520,,
LANEIGE,"{'biExclusiveLevel': 'none', 'imageAltText': 'LANEIGE - Lip Glowy Balm', 'isAppExclusive': False, 'isBI': False, 'isBest': False, 'isFirstAccess': False, 'isLimitedEdition': False, 'isLimitedTimeOffer': False, 'isNatural': False, 'isNew': False, 'isOnlineOnly': False, 'isOrganic': False, 'isSephoraExclusive': True, 'listPrice': '$18.00', 'salePrice': '', 'skuId': '2210482', 'skuImages': {'image135': 'https://www.sephora.com/productimages/sku/s2210482-main-grid.jpg', 'image162': 'https://www.sephora.com/productimages/sku/s2210482-162.jpg', 'image250': 'https://www.sephora.com/productimages/sku/s2210482-main-hero.jpg', 'image42': 'https://www.sephora.com/productimages/sku/s2210482-main-thumb.jpg', 'image450': 'https://www.sephora.com/productimages/sku/s2210482-main-Lhero.jpg', 'image62': 'https://www.sephora.com/productimages/sku/s2210482-main-Lthumb.jpg', 'image97': 'https://www.sephora.com/productimages/sku/s2210482-main-Sgrid.jpg'}, 'skuType': 'Standard'}",Lip Glowy Balm,https://www.sephora.com/productimages/sku/s2210482-main-grid.jpg,https://www.sephora.com/productimages/sku/s2210482-main-grid.jpg,https://www.sephora.com/productimages/sku/s2210482-main-hero.jpg,https://www.sephora.com/productimages/sku/s2210482-main-Lhero.jpg,P443563,4.383,3937,/product/glowy-lip-balm-P443563,3.0,
Drunk Elephant,"{'badgeAltText': 'Clean at Sephora', 'biExclusiveLevel': 'none', 'imageAltText': 'Drunk Elephant - B-Hydra™ Intensive Hydration Serum with Hyaluronic Acid', 'isAppExclusive': False, 'isBI': False, 'isBest': False, 'isFirstAccess': False, 'isLimitedEdition': False, 'isLimitedTimeOffer': False, 'isNatural': False, 'isNew': False, 'isOnlineOnly': False, 'isOrganic': False, 'isSephoraExclusive': False, 'listPrice': '$49.00', 'salePrice': '', 'skuId': '1785856', 'skuImages': {'image135': 'https://www.sephora.com/productimages/sku/s1785856-main-grid.jpg?pb=2020-03-sephora-clean-2019', 'image162': 'https://www.sephora.com/productimages/sku/s1785856-162.jpg?pb=2020-03-sephora-clean-2019', 'image250': 'https://www.sephora.com/productimages/sku/s1785856-main-hero.jpg?pb=2020-03-sephora-clean-2019', 'image42': 'https://www.sephora.com/productimages/sku/s1785856-main-thumb.jpg?pb=2020-03-sephora-clean-2019', 'image450': 'https://www.sephora.com/productimages/sku/s1785856-main-Lhero.jpg?pb=2020-03-sephora-clean-2019', 'image62': 'https://www.sephora.com/productimages/sku/s1785856-main-Lthumb.jpg?pb=2020-03-sephora-clean-2019', 'image97': 'https://www.sephora.com/productimages/sku/s1785856-main-Sgrid.jpg?pb=2020-03-sephora-clean-2019'}, 'skuType': 'Standard'}",B-Hydra™ Intensive Hydration Serum with Hyaluronic Acid,https://www.sephora.com/productimages/sku/s1785856-main-grid.jpg?pb=2020-03-sephora-clean-2019,https://www.sephora.com/productimages/sku/s1785856-main-grid.jpg?pb=2020-03-sephora-clean-2019,https://www.sephora.com/productimages/sku/s1785856-main-hero.jpg?pb=2020-03-sephora-clean-2019,https://www.sephora.com/productimages/sku/s1785856-main-Lhero.jpg?pb=2020-03-sephora-clean-2019,P406712,4.1876,2606,/product/b-hydra-intensive-hydration-gel-P406712,,Clean at Sephora
Fenty Skin,"{'badgeAltText': 'Clean at Sephora', 'biExclusiveLevel': 'none', 'imageAltText': 'Fenty Skin - Butta Drop Refillable Whipped Oil Body Cream', 'isAppExclusive': False, 'isBI': False, 'isBest': False, 'isFirstAccess': False, 'isLimitedEdition': False, 'isLimitedTimeOffer': False, 'isNatural': False, 'isNew': False, 'isOnlineOnly': True, 'isOrganic': False, 'isSephoraExclusive': True, 'listPrice': '$23.00 - $45.00', 'salePrice': '', 'skuId': '2493674', 'skuImages': {'image135': 'https://www.sephora.com/productimages/sku/s2493674-main-grid.jpg?pb=2020-03-sephora-clean-2019', 'image162': 'https://www.sephora.com/productimages/sku/s2493674-162.jpg?pb=2020-03-sephora-clean-2019', 'image250': 'https://www.sephora.com/productimages/sku/s2493674-main-hero.jpg?pb=2020-03-sephora-clean-2019', 'image42': 'https://www.sephora.com/productimages/sku/s2493674-main-thumb.jpg?pb=2020-03-sephora-clean-2019', 'image450': 'https://www.sephora.com/productimages/sku/s2493674-main-Lhero.jpg?pb=2020-03-sephora-clean-2019', 'image62': 'https://www.sephora.com/productimages/sku/s2493674-main-Lthumb.jpg?pb=2020-03-sephora-clean-2019', 'image97': 'https://www.sephora.com/productimages/sku/s2493674-main-Sgrid.jpg?pb=2020-03-sephora-clean-2019'}, 'skuType': 'Standard'}",Butta Drop Refillable Whipped Oil Body Cream,https://www.sephora.com/productimages/sku/s2493674-main-grid.jpg?pb=2020-03-sephora-clean-2019,https://www.sephora.com/productimages/sku/s2493674-main-grid.jpg?pb=2020-03-sephora-clean-2019,https://www.sephora.com/productimages/sku/s2493674-main-hero.jpg?pb=2020-03-sephora-clean-2019,https://www.sephora.com/productimages/sku/s2493674-main-Lhero.jpg?pb=2020-03-sephora-clean-2019,P472162,4.5242,475,/product/fenty-beauty-rihanna-butta-drop-whipped-oil-body-cream-P472162,,
The Ordinary,"{'badgeAltText': 'allure 2022 Best of Beauty Award Winner ', 'biExclusiveLevel': 'none', 'imageAltText': 'The Ordinary - Natural Moisturizing Factors + HA', 'isAppExclusive': False, 'isBI': False, 'isBest': False, 'isFirstAccess': False, 'isLimitedEdition': False, 'isLimitedTimeOffer': False, 'isNatural': False, 'isNew': False, 'isOnlineOnly': False, 'isOrganic': False, 'isSephoraExclusive': False, 'listPrice': '$6.50 - $13.50', 'salePrice': '', 'skuId': '2210581', 'skuImages': {'image135': 'https://www.sephora.com/productimages/sku/s2210581-main-grid.jpg?pb=allure-2022-bestofbeauty-badge', 'image162': 'https://www.sephora.com/productimages/sku/s2210581-162.jpg?pb=allure-2022-bestofbeauty-badge', 'image250': 'https://www.sephora.com/productimages/sku/s2210581-main-hero.jpg?pb=allure-2022-bestofbeauty-badge', 'image42': 'https://www.sephora.com/productimages/sku/s2210581-main-thumb.jpg?pb=allure-2022-bestofbeauty-badge', 'image450': 'https://www.sephora.com/productimages/sku/s2210581-main-Lhero.jpg?pb=allure-2022-bestofbeauty-badge', 'image62': 'https://www.sephora.com/productimages/sku/s2210581-main-Lthumb.jpg?pb=allure-2022-bestofbeauty-badge', 'image97': 'https://www.sephora.com/productimages/sku/s2210581-main-Sgrid.jpg?pb=allure-2022-bestofbeauty-badge'}, 'skuType': 'Standard'}",Natural Moisturizing Factors + HA,https://www.sephora.com/productimages/sku/s2210581-main-grid.jpg?pb=allure-2022-bestofbeauty-badge,https://www.sephora.com/productimages/sku/s2210581-main-grid.jpg?pb=allure-2022-bestofbeauty-badge,https://www.sephora.com/productimages/sku/s2210581-main-hero.jpg?pb=allure-2022-bestofbeauty-badge,https://www.sephora.com/productimages/sku/s2210581-main-Lhero.jpg?pb=allure-2022-bestofbeauty-badge,P427414,4.142,2134,/product/the-ordinary-deciem-natural-moisturizing-factors-ha-P427414,,
Sol de Janeiro,"{'biExclusiveLevel': 'none', 'imageAltText': 'Sol de Janeiro - Rio Radiance Illuminating Body Cream', 'isAppExclusive': False, 'isBI': False, 'isBest': False, 'isFirstAccess': False, 'isLimitedEdition': True, 'isLimitedTimeOffer': False, 'isNatural': False, 'isNew': True, 'isOnlineOnly': False, 'isOrganic': False, 'isSephoraExclusive': True, 'listPrice': '$22.00 - $48.00', 'salePrice': '', 'skuId': '2666576', 'skuImages': {'image135': 'https://www.sephora.com/productimages/sku/s2666576-main-grid.jpg', 'image162': 'https://www.sephora.com/productimages/sku/s2666576-162.jpg', 'image250': 'https://www.sephora.com/productimages/sku/s2666576-main-hero.jpg', 'image42': 'https://www.sephora.com/productimages/sku/s2666576-main-thumb.jpg', 'image450': 'https://www.sephora.com/productimages/sku/s2666576-main-Lhero.jpg', 'image62': 'https://www.sephora.com/productimages/sku/s2666576-main-Lthumb.jpg', 'image97': 'https://www.sephora.com/productimages/sku/s2666576-main-Sgrid.jpg'}, 'skuType': 'Standard'}",Rio Radiance Illuminating Body Cream,https://www.sephora.com/productimages/sku/s2666576-main-grid.jpg,https://www.sephora.com/productimages/sku/s2666576-main-grid.jpg,https://www.sephora.com/productimages/sku/s2666576-main-hero.jpg,https://www.sephora.com/productimages/sku/s2666576-main-Lhero.jpg,P505232,4.2044,137,/product/sol-de-janeiro-rio-radiance-body-cream-P505232,,
Dr. Dennis Gross Skincare,"{'badgeAltText': 'Clean at Sephora', 'biExclusiveLevel': 'none', 'imageAltText': 'Dr. Dennis Gross Skincare - Alpha Beta® Universal Daily Peel Pads', 'isAppExclusive': False, 'isBI': False, 'isBest': False, 'isFirstAccess': False, 'isLimitedEdition': False, 'isLimitedTimeOffer': False, 'isNatural': False, 'isNew': False, 'isOnlineOnly': False, 'isOrganic': False, 'isSephoraExclusive': True, 'listPrice': '$20.00 - $153.00', 'salePrice': '', 'skuId': '1499474', 'skuImages': {'image135': 'https://www.sephora.com/productimages/sku/s1499474-main-grid.jpg?pb=2020-03-sephora-clean-2019', 'image162': 'https://www.sephora.com/productimages/sku/s1499474-162.jpg?pb=2020-03-sephora-clean-2019', 'image250': 'https://www.sephora.com/productimages/sku/s1499474-main-hero.jpg?pb=2020-03-sephora-clean-2019', 'image42': 'https://www.sephora.com/productimages/sku/s1499474-main-thumb.jpg?pb=2020-03-sephora-clean-2019', 'image450': 'https://www.sephora.com/productimages/sku/s1499474-main-Lhero.jpg?pb=2020-03-sephora-clean-2019', 'image62': 'https://www.sephora.com/productimages/sku/s1499474-main-Lthumb.jpg?pb=2020-03-sephora-clean-2019', 'image97': 'https://www.sephora.com/productimages/sku/s1499474-main-Sgrid.jpg?pb=2020-03-sephora-clean-2019'}, 'skuType': 'Standard'}",Alpha Beta® Universal Daily Peel Pads,https://www.sephora.com/productimages/sku/s1499474-main-grid.jpg?pb=2020-03-sephora-clean-2019,https://www.sephora.com/productimages/sku/s1499474-main-grid.jpg?pb=2020-03-sephora-clean-2019,https://www.sephora.com/productimages/sku/s1499474-main-hero.jpg?pb=2020-03-sephora-clean-2019,https://www.sephora.com/productimages/sku/s1499474-main-Lhero.jpg?pb=2020-03-sephora-clean-2019,P377533,4.4886,1398,/product/alpha-beta-universal-daily-peel-P377533,,
Caudalie,"{'badgeAltText': 'Clean plus planet positive', 'biExclusiveLevel': 'none', 'imageAltText': 'Caudalie - Vinoperfect Dark Circle Brightening Eye Cream with Niacinamide', 'isAppExclusive': False, 'isBI': False, 'isBest': False, 'isFirstAccess': False, 'isLimitedEdition': False, 'isLimitedTimeOffer': False, 'isNatural': False, 'isNew': True, 'isOnlineOnly': False, 'isOrganic': False, 'isSephoraExclusive': False, 'listPrice': '$55.00', 'salePrice': '', 'skuId': '2668630', 'skuImages': {'image135': 'https://www.sephora.com/productimages/sku/s2668630-main-grid.jpg?pb=clean-planet-positive-badge-2021', 'image162': 'https://www.sephora.com/productimages/sku/s2668630-162.jpg?pb=clean-planet-positive-badge-2021', 'image250': 'https://www.sephora.com/productimages/sku/s2668630-main-hero.jpg?pb=clean-planet-positive-badge-2021', 'image42': 'https://www.sephora.com/productimages/sku/s2668630-main-thumb.jpg?pb=clean-planet-positive-badge-2021', 'image450': 'https://www.sephora.com/productimages/sku/s2668630-main-Lhero.jpg?pb=clean-planet-positive-badge-2021', 'image62': 'https://www.sephora.com/productimages/sku/s2668630-main-Lthumb.jpg?pb=clean-planet-positive-badge-2021', 'image97': 'https://www.sephora.com/productimages/sku/s2668630-main-Sgrid.jpg?pb=clean-planet-positive-badge-2021'}, 'skuType': 'Standard'}",Vinoperfect Dark Circle Brightening Eye Cream with Niacinamide,https://www.sephora.com/productimages/sku/s2668630-main-grid.jpg?pb=clean-planet-positive-badge-2021,https://www.sephora.com/productimages/sku/s2668630-main-grid.jpg?pb=clean-planet-positive-badge-2021,https://www.sephora.com/productimages/sku/s2668630-main-hero.jpg?pb=clean-planet-positive-badge-2021,https://www.sephora.com/productimages/sku/s2668630-main-Lhero.jpg?pb=clean-planet-positive-badge-2021,P504627,4.7039,206,/product/vinoperfect-dark-circle-brightening-eye-cream-with-niacinamide-P504627,,
Bobbi Brown,"{'biExclusiveLevel': 'none', 'imageAltText': 'Bobbi Brown - Vitamin Enriched Face Base Primer Moisturizer', 'isAppExclusive': False, 'isBI': False, 'isBest': False, 'isFirstAccess': False, 'isLimitedEdition': False, 'isLimitedTimeOffer': False, 'isNatural': False, 'isNew': False, 'isOnlineOnly': False, 'isOrganic': False, 'isSephoraExclusive': False, 'listPrice': '$24.00 - $99.00', 'salePrice': '', 'skuId': '1292820', 'skuImages': {'image135': 'https://www.sephora.com/productimages/sku/s1292820-main-grid.jpg', 'image162': 'https://www.sephora.com/productimages/sku/s1292820-162.jpg', 'image250': 'https://www.sephora.com/productimages/sku/s1292820-main-hero.jpg', 'image42': 'https://www.sephora.com/productimages/sku/s1292820-main-thumb.jpg', 'image450': 'https://www.sephora.com/productimages/sku/s1292820-main-Lhero.jpg', 'image62': 'https://www.sephora.com/productimages/sku/s1292820-main-Lthumb.jpg', 'image97': 'https://www.sephora.com/productimages/sku/s1292820-main-Sgrid.jpg'}, 'skuType': 'Standard'}",Vitamin Enriched Face Base Primer Moisturizer,https://www.sephora.com/productimages/sku/s1292820-main-grid.jpg,https://www.sephora.com/productimages/sku/s1292820-main-grid.jpg,https://www.sephora.com/productimages/sku/s1292820-main-hero.jpg,https://www.sephora.com/productimages/sku/s1292820-main-Lhero.jpg,P270594,4.6034,3452,/product/vitamin-enriched-face-base-P270594,,
Glossier,"{'biExclusiveLevel': 'none', 'imageAltText': 'Glossier - Balm Dotcom Lip Balm and Skin Salve', 'isAppExclusive': False, 'isBI': False, 'isBest': False, 'isFirstAccess': False, 'isLimitedEdition': False, 'isLimitedTimeOffer': False, 'isNatural': False, 'isNew': False, 'isOnlineOnly': False, 'isOrganic': False, 'isSephoraExclusive': True, 'listPrice': '$14.00', 'salePrice': '', 'skuId': '2649788', 'skuImages': {'image135': 'https://www.sephora.com/productimages/sku/s2649788-main-grid.jpg', 'image162': 'https://www.sephora.com/productimages/sku/s2649788-162.jpg', 'image250': 'https://www.sephora.com/productimages/sku/s2649788-main-hero.jpg', 'image42': 'https://www.sephora.com/productimages/sku/s2649788-main-thumb.jpg', 'image450': 'https://www.sephora.com/productimages/sku/s2649788-main-Lhero.jpg', 'image62': 'https://www.sephora.com/productimages/sku/s2649788-main-Lthumb.jpg', 'image97': 'https://www.sephora.com/productimages/sku/s2649788-main-Sgrid.jpg'}, 'skuType': 'Standard'}",Balm Dotcom Lip Balm and Skin Salve,https://www.sephora.com/productimages/sku/s2649788-main-grid.jpg,https://www.sephora.com/productimages/sku/s2649788-main-grid.jpg,https://www.sephora.com/productimages/sku/s2649788-main-hero.jpg,https://www.sephora.com/productimages/sku/s2649788-main-Lhero.jpg,P504525,2.7977,1196,/product/glossier-balm-dotcom-lip-balm-skin-salve-P504525,8.0,
TULA Skincare,"{'badgeAltText': 'Clean at Sephora', 'biExclusiveLevel': 'none', 'imageAltText': 'TULA Skincare - Moisture Lip Mask Coconut Overnight Hydration Treatment', 'isAppExclusive': False, 'isBI': False, 'isBest': False, 'isFirstAccess': False, 'isLimitedEdition': True, 'isLimitedTimeOffer': False, 'isNatural': False, 'isNew': True, 'isOnlineOnly': False, 'isOrganic': False, 'isSephoraExclusive': False, 'listPrice': '$18.00', 'salePrice': '', 'skuId': '2656973', 'skuImages': {'image135': 'https://www.sephora.com/productimages/sku/s2656973-main-grid.jpg?pb=2020-03-sephora-clean-2019', 'image162': 'https://www.sephora.com/productimages/sku/s2656973-162.jpg?pb=2020-03-sephora-clean-2019', 'image250': 'https://www.sephora.com/productimages/sku/s2656973-main-hero.jpg?pb=2020-03-sephora-clean-2019', 'image42': 'https://www.sephora.com/productimages/sku/s2656973-main-thumb.jpg?pb=2020-03-sephora-clean-2019', 'image450': 'https://www.sephora.com/productimages/sku/s2656973-main-Lhero.jpg?pb=2020-03-sephora-clean-2019', 'image62': 'https://www.sephora.com/productimages/sku/s2656973-main-Lthumb.jpg?pb=2020-03-sephora-clean-2019', 'image97': 'https://www.sephora.com/productimages/sku/s2656973-main-Sgrid.jpg?pb=2020-03-sephora-clean-2019'}, 'skuType': 'Standard'}",Moisture Lip Mask Coconut Overnight Hydration Treatment,https://www.sephora.com/productimages/sku/s2656973-main-grid.jpg?pb=2020-03-sephora-clean-2019,https://www.sephora.com/productimages/sku/s2656973-main-grid.jpg?pb=2020-03-sephora-clean-2019,https://www.sephora.com/productimages/sku/s2656973-main-hero.jpg?pb=2020-03-sephora-clean-2019,https://www.sephora.com/productimages/sku/s2656973-main-Lhero.jpg?pb=2020-03-sephora-clean-2019,P506087,0.0,0,/product/moisture-lip-mask-coconut-overnight-hydration-treatment-P506087,,
Sunday Riley,"{'biExclusiveLevel': 'none', 'imageAltText': 'Sunday Riley - C.E.O. 15% Vitamin C Brightening Serum', 'isAppExclusive': False, 'isBI': False, 'isBest': False, 'isFirstAccess': False, 'isLimitedEdition': False, 'isLimitedTimeOffer': False, 'isNatural': False, 'isNew': False, 'isOnlineOnly': False, 'isOrganic': False, 'isSephoraExclusive': False, 'listPrice': '$43.00 - $122.00', 'salePrice': '', 'skuId': '1933225', 'skuImages': {'image135': 'https://www.sephora.com/productimages/sku/s1933225-main-grid.jpg', 'image162': 'https://www.sephora.com/productimages/sku/s1933225-162.jpg', 'image250': 'https://www.sephora.com/productimages/sku/s1933225-main-hero.jpg', 'image42': 'https://www.sephora.com/productimages/sku/s1933225-main-thumb.jpg', 'image450': 'https://www.sephora.com/productimages/sku/s1933225-main-Lhero.jpg', 'image62': 'https://www.sephora.com/productimages/sku/s1933225-main-Lthumb.jpg', 'image97': 'https://www.sephora.com/productimages/sku/s1933225-main-Sgrid.jpg'}, 'skuType': 'Standard'}",C.E.O. 15% Vitamin C Brightening Serum,https://www.sephora.com/productimages/sku/s1933225-main-grid.jpg,https://www.sephora.com/productimages/sku/s1933225-main-grid.jpg,https://www.sephora.com/productimages/sku/s1933225-main-hero.jpg,https://www.sephora.com/productimages/sku/s1933225-main-Lhero.jpg,P418346,4.1467,1970,/product/c-e-o-rapid-flash-brightening-serum-P418346,,
Augustinus Bader,"{'biExclusiveLevel': 'none', 'imageAltText': 'Augustinus Bader - The Rich Cream with TFC8® Face Moisturizer', 'isAppExclusive': False, 'isBI': False, 'isBest': False, 'isFirstAccess': False, 'isLimitedEdition': False, 'isLimitedTimeOffer': False, 'isNatural': False, 'isNew': False, 'isOnlineOnly': False, 'isOrganic': False, 'isSephoraExclusive': False, 'listPrice': '$92.00 - $305.00', 'salePrice': '', 'skuId': '2458842', 'skuImages': {'image135': 'https://www.sephora.com/productimages/sku/s2458842-main-grid.jpg', 'image162': 'https://www.sephora.com/productimages/sku/s2458842-162.jpg', 'image250': 'https://www.sephora.com/productimages/sku/s2458842-main-hero.jpg', 'image42': 'https://www.sephora.com/productimages/sku/s2458842-main-thumb.jpg', 'image450': 'https://www.sephora.com/productimages/sku/s2458842-main-Lhero.jpg', 'image62': 'https://www.sephora.com/productimages/sku/s2458842-main-Lthumb.jpg', 'image97': 'https://www.sephora.com/productimages/sku/s2458842-main-Sgrid.jpg'}, 'skuType': 'Standard'}",The Rich Cream with TFC8® Face Moisturizer,https://www.sephora.com/productimages/sku/s2458842-main-grid.jpg,https://www.sephora.com/productimages/sku/s2458842-main-grid.jpg,https://www.sephora.com/productimages/sku/s2458842-main-hero.jpg,https://www.sephora.com/productimages/sku/s2458842-main-Lhero.jpg,P470509,4.1842,505,/product/augustinus-bader-the-rich-cream-with-tfc8-face-moisturizer-P470509,,
Caudalie,"{'badgeAltText': 'Clean plus planet positive', 'biExclusiveLevel': 'none', 'imageAltText': 'Caudalie - Vinoperfect Radiance Dark Spot Serum Vitamin C Alternative', 'isAppExclusive': False, 'isBI': False, 'isBest': False, 'isFirstAccess': False, 'isLimitedEdition': False, 'isLimitedTimeOffer': False, 'isNatural': False, 'isNew': False, 'isOnlineOnly': False, 'isOrganic': False, 'isSephoraExclusive': False, 'listPrice': '$82.00', 'salePrice': '', 'skuId': '2459261', 'skuImages': {'image135': 'https://www.sephora.com/productimages/sku/s2459261-main-grid.jpg?pb=clean-planet-positive-badge-2021', 'image162': 'https://www.sephora.com/productimages/sku/s2459261-162.jpg?pb=clean-planet-positive-badge-2021', 'image250': 'https://www.sephora.com/productimages/sku/s2459261-main-hero.jpg?pb=clean-planet-positive-badge-2021', 'image42': 'https://www.sephora.com/productimages/sku/s2459261-main-thumb.jpg?pb=clean-planet-positive-badge-2021', 'image450': 'https://www.sephora.com/productimages/sku/s2459261-main-Lhero.jpg?pb=clean-planet-positive-badge-2021', 'image62': 'https://www.sephora.com/productimages/sku/s2459261-main-Lthumb.jpg?pb=clean-planet-positive-badge-2021', 'image97': 'https://www.sephora.com/productimages/sku/s2459261-main-Sgrid.jpg?pb=clean-planet-positive-badge-2021'}, 'skuType': 'Standard'}",Vinoperfect Radiance Dark Spot Serum Vitamin C Alternative,https://www.sephora.com/productimages/sku/s2459261-main-grid.jpg?pb=clean-planet-positive-badge-2021,https://www.sephora.com/productimages/sku/s2459261-main-grid.jpg?pb=clean-planet-positive-badge-2021,https://www.sephora.com/productimages/sku/s2459261-main-hero.jpg?pb=clean-planet-positive-badge-2021,https://www.sephora.com/productimages/sku/s2459261-main-Lhero.jpg?pb=clean-planet-positive-badge-2021,P94421,4.2474,3019,/product/vinoperfect-radiance-serum-P94421,,Clean at Sephora
Nutrafol,"{'badgeAltText': 'Clean at Sephora', 'biExclusiveLevel': 'none', 'imageAltText': 'Nutrafol - WOMEN Clinically Proven Hair Growth Supplement for Thinning', 'isAppExclusive': False, 'isBI': False, 'isBest': False, 'isFirstAccess': False, 'isLimitedEdition': False, 'isLimitedTimeOffer': False, 'isNatural': False, 'isNew': False, 'isOnlineOnly': False, 'isOrganic': False, 'isSephoraExclusive': False, 'listPrice': '$88.00', 'salePrice': '', 'skuId': '2658573', 'skuImages': {'image135': 'https://www.sephora.com/productimages/sku/s2658573-main-grid.jpg?pb=2020-03-sephora-clean-2019', 'image162': 'https://www.sephora.com/productimages/sku/s2658573-162.jpg?pb=2020-03-sephora-clean-2019', 'image250': 'https://www.sephora.com/productimages/sku/s2658573-main-hero.jpg?pb=2020-03-sephora-clean-2019', 'image42': 'https://www.sephora.com/productimages/sku/s2658573-main-thumb.jpg?pb=2020-03-sephora-clean-2019', 'image450': 'https://www.sephora.com/productimages/sku/s2658573-main-Lhero.jpg?pb=2020-03-sephora-clean-2019', 'image62': 'https://www.sephora.com/productimages/sku/s2658573-main-Lthumb.jpg?pb=2020-03-sephora-clean-2019', 'image97': 'https://www.sephora.com/productimages/sku/s2658573-main-Sgrid.jpg?pb=2020-03-sephora-clean-2019'}, 'skuType': 'Standard'}",WOMEN Clinically Proven Hair Growth Supplement for Thinning,https://www.sephora.com/productimages/sku/s2658573-main-grid.jpg?pb=2020-03-sephora-clean-2019,https://www.sephora.com/productimages/sku/s2658573-main-grid.jpg?pb=2020-03-sephora-clean-2019,https://www.sephora.com/productimages/sku/s2658573-main-hero.jpg?pb=2020-03-sephora-clean-2019,https://www.sephora.com/productimages/sku/s2658573-main-Lhero.jpg?pb=2020-03-sephora-clean-2019,P504148,4.6566,198,/product/women-clinically-proven-hair-growth-supplement-for-thinning-P504148,,
Farmacy,"{'badgeAltText': 'Clean plus planet positive', 'biExclusiveLevel': 'none', 'imageAltText': 'Farmacy - Honey Halo Ultra-Hydrating Ceramide Moisturizer', 'isAppExclusive': False, 'isBI': False, 'isBest': False, 'isFirstAccess': False, 'isLimitedEdition': False, 'isLimitedTimeOffer': False, 'isNatural': False, 'isNew': False, 'isOnlineOnly': False, 'isOrganic': False, 'isSephoraExclusive': True, 'listPrice': '$25.00 - $74.00', 'salePrice': '', 'skuId': '2369957', 'skuImages': {'image135': 'https://www.sephora.com/productimages/sku/s2369957-main-grid.jpg?pb=clean-planet-positive-badge-2021', 'image162': 'https://www.sephora.com/productimages/sku/s2369957-162.jpg?pb=clean-planet-positive-badge-2021', 'image250': 'https://www.sephora.com/productimages/sku/s2369957-main-hero.jpg?pb=clean-planet-positive-badge-2021', 'image42': 'https://www.sephora.com/productimages/sku/s2369957-main-thumb.jpg?pb=clean-planet-positive-badge-2021', 'image450': 'https://www.sephora.com/productimages/sku/s2369957-main-Lhero.jpg?pb=clean-planet-positive-badge-2021', 'image62': 'https://www.sephora.com/productimages/sku/s2369957-main-Lthumb.jpg?pb=clean-planet-positive-badge-2021', 'image97': 'https://www.sephora.com/productimages/sku/s2369957-main-Sgrid.jpg?pb=clean-planet-positive-badge-2021'}, 'skuType': 'Standard'}",Honey Halo Ultra-Hydrating Ceramide Moisturizer,https://www.sephora.com/productimages/sku/s2369957-main-grid.jpg?pb=clean-planet-positive-badge-2021,https://www.sephora.com/productimages/sku/s2369957-main-grid.jpg?pb=clean-planet-positive-badge-2021,https://www.sephora.com/productimages/sku/s2369957-main-hero.jpg?pb=clean-planet-positive-badge-2021,https://www.sephora.com/productimages/sku/s2369957-main-Lhero.jpg?pb=clean-planet-positive-badge-2021,P463036,4.4414,1518,/product/farmacy-honey-halo-ultra-hydrating-ceramide-moisturizer-P463036,,
Tatcha,"{'badgeAltText': 'Clean at Sephora', 'biExclusiveLevel': 'none', 'imageAltText': 'Tatcha - The Rice Wash Skin-Softening Cleanser', 'isAppExclusive': False, 'isBI': False, 'isBest': False, 'isFirstAccess': False, 'isLimitedEdition': False, 'isLimitedTimeOffer': False, 'isNatural': False, 'isNew': False, 'isOnlineOnly': False, 'isOrganic': False, 'isSephoraExclusive': True, 'listPrice': '$18.00 - $40.00', 'salePrice': '', 'skuId': '2382232', 'skuImages': {'image135': 'https://www.sephora.com/productimages/sku/s2382232-main-grid.jpg?pb=2020-03-sephora-clean-2019', 'image162': 'https://www.sephora.com/productimages/sku/s2382232-162.jpg?pb=2020-03-sephora-clean-2019', 'image250': 'https://www.sephora.com/productimages/sku/s2382232-main-hero.jpg?pb=2020-03-sephora-clean-2019', 'image42': 'https://www.sephora.com/productimages/sku/s2382232-main-thumb.jpg?pb=2020-03-sephora-clean-2019', 'image450': 'https://www.sephora.com/productimages/sku/s2382232-main-Lhero.jpg?pb=2020-03-sephora-clean-2019', 'image62': 'https://www.sephora.com/productimages/sku/s2382232-main-Lthumb.jpg?pb=2020-03-sephora-clean-2019', 'image97': 'https://www.sephora.com/productimages/sku/s2382232-main-Sgrid.jpg?pb=2020-03-sephora-clean-2019'}, 'skuType': 'Standard'}",The Rice Wash Skin-Softening Cleanser,https://www.sephora.com/productimages/sku/s2382232-main-grid.jpg?pb=2020-03-sephora-clean-2019,https://www.sephora.com/productimages/sku/s2382232-main-grid.jpg?pb=2020-03-sephora-clean-2019,https://www.sephora.com/productimages/sku/s2382232-main-hero.jpg?pb=2020-03-sephora-clean-2019,https://www.sephora.com/productimages/sku/s2382232-main-Lhero.jpg?pb=2020-03-sephora-clean-2019,P461537,4.4885,2518,/product/tatcha-the-rice-wash-skin-softening-cleanser-P461537,,
Sunday Riley,"{'biExclusiveLevel': 'none', 'imageAltText': 'Sunday Riley - Good Genes All-In-One AHA Lactic Acid Treatment', 'isAppExclusive': False, 'isBI': False, 'isBest': False, 'isFirstAccess': False, 'isLimitedEdition': False, 'isLimitedTimeOffer': False, 'isNatural': False, 'isNew': False, 'isOnlineOnly': False, 'isOrganic': False, 'isSephoraExclusive': False, 'listPrice': '$43.00 - $122.00', 'salePrice': '', 'skuId': '1887298', 'skuImages': {'image135': 'https://www.sephora.com/productimages/sku/s1887298-main-grid.jpg', 'image162': 'https://www.sephora.com/productimages/sku/s1887298-162.jpg', 'image250': 'https://www.sephora.com/productimages/sku/s1887298-main-hero.jpg', 'image42': 'https://www.sephora.com/productimages/sku/s1887298-main-thumb.jpg', 'image450': 'https://www.sephora.com/productimages/sku/s1887298-main-Lhero.jpg', 'image62': 'https://www.sephora.com/productimages/sku/s1887298-main-Lthumb.jpg', 'image97': 'https://www.sephora.com/productimages/sku/s1887298-main-Sgrid.jpg'}, 'skuType': 'Standard', 'valuePrice': '$142.00'}",Good Genes All-In-One AHA Lactic Acid Treatment,https://www.sephora.com/productimages/sku/s1887298-main-grid.jpg,https://www.sephora.com/productimages/sku/s1887298-main-grid.jpg,https://www.sephora.com/productimages/sku/s1887298-main-hero.jpg,https://www.sephora.com/productimages/sku/s1887298-main-Lhero.jpg,P309308,4.3429,5495,/product/good-genes-all-in-one-lactic-acid-treatment-P309308,,
Topicals,"{'badgeAltText': 'Clean at Sephora', 'biExclusiveLevel': 'none', 'imageAltText': 'Topicals - Mini Faded Serum for Dark Spots & Discoloration', 'isAppExclusive': False, 'isBI': False, 'isBest': False, 'isFirstAccess': False, 'isLimitedEdition': False, 'isLimitedTimeOffer': False, 'isNatural': False, 'isNew': False, 'isOnlineOnly': False, 'isOrganic': False, 'isSephoraExclusive': False, 'listPrice': '$18.00', 'salePrice': '', 'skuId': '2571156', 'skuImages': {'image135': 'https://www.sephora.com/productimages/sku/s2571156-main-grid.jpg?pb=2020-03-sephora-clean-2019', 'image162': 'https://www.sephora.com/productimages/sku/s2571156-162.jpg?pb=2020-03-sephora-clean-2019', 'image250': 'https://www.sephora.com/productimages/sku/s2571156-main-hero.jpg?pb=2020-03-sephora-clean-2019', 'image42': 'https://www.sephora.com/productimages/sku/s2571156-main-thumb.jpg?pb=2020-03-sephora-clean-2019', 'image450': 'https://www.sephora.com/productimages/sku/s2571156-main-Lhero.jpg?pb=2020-03-sephora-clean-2019', 'image62': 'https://www.sephora.com/productimages/sku/s2571156-main-Lthumb.jpg?pb=2020-03-sephora-clean-2019', 'image97': 'https://www.sephora.com/productimages/sku/s2571156-main-Sgrid.jpg?pb=2020-03-sephora-clean-2019'}, 'skuType': 'Standard'}",Mini Faded Serum for Dark Spots & Discoloration,https://www.sephora.com/productimages/sku/s2571156-main-grid.jpg?pb=2020-03-sephora-clean-2019,https://www.sephora.com/productimages/sku/s2571156-main-grid.jpg?pb=2020-03-sephora-clean-2019,https://www.sephora.com/productimages/sku/s2571156-main-hero.jpg?pb=2020-03-sephora-clean-2019,https://www.sephora.com/productimages/sku/s2571156-main-Lhero.jpg?pb=2020-03-sephora-clean-2019,P484080,3.7483,1172,/product/topicals-mini-faded-serum-for-dark-spots-discoloration-P484080,,
Glow Recipe,"{'badgeAltText': 'Clean plus planet positive', 'biExclusiveLevel': 'none', 'imageAltText': 'Glow Recipe - Plum Plump Refillable Hyaluronic Acid Moisturizer', 'isAppExclusive': False, 'isBI': False, 'isBest': False, 'isFirstAccess': False, 'isLimitedEdition': False, 'isLimitedTimeOffer': False, 'isNatural': False, 'isNew': False, 'isOnlineOnly': False, 'isOrganic': False, 'isSephoraExclusive': True, 'listPrice': '$21.00 - $39.00', 'salePrice': '', 'skuId': '2535128', 'skuImages': {'image135': 'https://www.sephora.com/productimages/sku/s2535128-main-grid.jpg?pb=clean-planet-positive-badge-2021', 'image162': 'https://www.sephora.com/productimages/sku/s2535128-162.jpg?pb=clean-planet-positive-badge-2021', 'image250': 'https://www.sephora.com/productimages/sku/s2535128-main-hero.jpg?pb=clean-planet-positive-badge-2021', 'image42': 'https://www.sephora.com/productimages/sku/s2535128-main-thumb.jpg?pb=clean-planet-positive-badge-2021', 'image450': 'https://www.sephora.com/productimages/sku/s2535128-main-Lhero.jpg?pb=clean-planet-positive-badge-2021', 'image62': 'https://www.sephora.com/productimages/sku/s2535128-main-Lthumb.jpg?pb=clean-planet-positive-badge-2021', 'image97': 'https://www.sephora.com/productimages/sku/s2535128-main-Sgrid.jpg?pb=clean-planet-positive-badge-2021'}, 'skuType': 'Standard'}",Plum Plump Refillable Hyaluronic Acid Moisturizer,https://www.sephora.com/productimages/sku/s2535128-main-grid.jpg?pb=clean-planet-positive-badge-2021,https://www.sephora.com/productimages/sku/s2535128-main-grid.jpg?pb=clean-planet-positive-badge-2021,https://www.sephora.com/productimages/sku/s2535128-main-hero.jpg?pb=clean-planet-positive-badge-2021,https://www.sephora.com/productimages/sku/s2535128-main-Lhero.jpg?pb=clean-planet-positive-badge-2021,P479327,4.4339,1528,/product/glow-recipe-plum-plump-hyaluronic-acid-moisturizer-P479327,,
Supergoop!,"{'badgeAltText': 'Clean at Sephora', 'biExclusiveLevel': 'none', 'imageAltText': 'Supergoop! - SPF Bestsellers Kit', 'isAppExclusive': False, 'isBI': False, 'isBest': False, 'isFirstAccess': False, 'isLimitedEdition': False, 'isLimitedTimeOffer': False, 'isNatural': False, 'isNew': False, 'isOnlineOnly': False, 'isOrganic': False, 'isSephoraExclusive': True, 'listPrice': '$30.00', 'salePrice': '', 'skuId': '2637171', 'skuImages': {'image135': 'https://www.sephora.com/productimages/sku/s2637171-main-grid.jpg?pb=2020-03-sephora-clean-2019', 'image162': 'https://www.sephora.com/productimages/sku/s2637171-162.jpg?pb=2020-03-sephora-clean-2019', 'image250': 'https://www.sephora.com/productimages/sku/s2637171-main-hero.jpg?pb=2020-03-sephora-clean-2019', 'image42': 'https://www.sephora.com/productimages/sku/s2637171-main-thumb.jpg?pb=2020-03-sephora-clean-2019', 'image450': 'https://www.sephora.com/productimages/sku/s2637171-main-Lhero.jpg?pb=2020-03-sephora-clean-2019', 'image62': 'https://www.sephora.com/productimages/sku/s2637171-main-Lthumb.jpg?pb=2020-03-sephora-clean-2019', 'image97': 'https://www.sephora.com/productimages/sku/s2637171-main-Sgrid.jpg?pb=2020-03-sephora-clean-2019'}, 'skuType': 'Standard', 'valuePrice': '$48.00'}",SPF Bestsellers Kit,https://www.sephora.com/productimages/sku/s2637171-main-grid.jpg?pb=2020-03-sephora-clean-2019,https://www.sephora.com/productimages/sku/s2637171-main-grid.jpg?pb=2020-03-sephora-clean-2019,https://www.sephora.com/productimages/sku/s2637171-main-hero.jpg?pb=2020-03-sephora-clean-2019,https://www.sephora.com/productimages/sku/s2637171-main-Lhero.jpg?pb=2020-03-sephora-clean-2019,P504320,3.5556,18,/product/supergoop-spf-bestsellers-kit-P504320,,
Tatcha,"{'badgeAltText': 'Clean at Sephora', 'biExclusiveLevel': 'none', 'imageAltText': 'Tatcha - Indigo Overnight Repair Serum in Cream Treatment', 'isAppExclusive': False, 'isBI': False, 'isBest': False, 'isFirstAccess': False, 'isLimitedEdition': False, 'isLimitedTimeOffer': False, 'isNatural': False, 'isNew': False, 'isOnlineOnly': False, 'isOrganic': False, 'isSephoraExclusive': True, 'listPrice': '$22.00 - $92.00', 'salePrice': '', 'skuId': '2489755', 'skuImages': {'image135': 'https://www.sephora.com/productimages/sku/s2489755-main-grid.jpg?pb=2020-03-sephora-clean-2019', 'image162': 'https://www.sephora.com/productimages/sku/s2489755-162.jpg?pb=2020-03-sephora-clean-2019', 'image250': 'https://www.sephora.com/productimages/sku/s2489755-main-hero.jpg?pb=2020-03-sephora-clean-2019', 'image42': 'https://www.sephora.com/productimages/sku/s2489755-main-thumb.jpg?pb=2020-03-sephora-clean-2019', 'image450': 'https://www.sephora.com/productimages/sku/s2489755-main-Lhero.jpg?pb=2020-03-sephora-clean-2019', 'image62': 'https://www.sephora.com/productimages/sku/s2489755-main-Lthumb.jpg?pb=2020-03-sephora-clean-2019', 'image97': 'https://www.sephora.com/productimages/sku/s2489755-main-Sgrid.jpg?pb=2020-03-sephora-clean-2019'}, 'skuType': 'Standard'}",Indigo Overnight Repair Serum in Cream Treatment,https://www.sephora.com/productimages/sku/s2489755-main-grid.jpg?pb=2020-03-sephora-clean-2019,https://www.sephora.com/productimages/sku/s2489755-main-grid.jpg?pb=2020-03-sephora-clean-2019,https://www.sephora.com/productimages/sku/s2489755-main-hero.jpg?pb=2020-03-sephora-clean-2019,https://www.sephora.com/productimages/sku/s2489755-main-Lhero.jpg?pb=2020-03-sephora-clean-2019,P474377,4.526,1135,/product/tatcha-indigo-overnight-repair-P474377,,
Paula's Choice,"{'biExclusiveLevel': 'none', 'imageAltText': ""Paula's Choice - Mini Skin Perfecting 2% BHA Liquid Exfoliant"", 'isAppExclusive': False, 'isBI': False, 'isBest': False, 'isFirstAccess': False, 'isLimitedEdition': False, 'isLimitedTimeOffer': False, 'isNatural': False, 'isNew': False, 'isOnlineOnly': False, 'isOrganic': False, 'isSephoraExclusive': False, 'listPrice': '$13.00', 'salePrice': '', 'skuId': '2421394', 'skuImages': {'image135': 'https://www.sephora.com/productimages/sku/s2421394-main-grid.jpg', 'image162': 'https://www.sephora.com/productimages/sku/s2421394-162.jpg', 'image250': 'https://www.sephora.com/productimages/sku/s2421394-main-hero.jpg', 'image42': 'https://www.sephora.com/productimages/sku/s2421394-main-thumb.jpg', 'image450': 'https://www.sephora.com/productimages/sku/s2421394-main-Lhero.jpg', 'image62': 'https://www.sephora.com/productimages/sku/s2421394-main-Lthumb.jpg', 'image97': 'https://www.sephora.com/productimages/sku/s2421394-main-Sgrid.jpg'}, 'skuType': 'Standard'}",Mini Skin Perfecting 2% BHA Liquid Exfoliant,https://www.sephora.com/productimages/sku/s2421394-main-grid.jpg,https://www.sephora.com/productimages/sku/s2421394-main-grid.jpg,https://www.sephora.com/productimages/sku/s2421394-main-hero.jpg,https://www.sephora.com/productimages/sku/s2421394-main-Lhero.jpg,P469503,4.2101,476,/product/paula-s-choice-mini-skin-perfecting-2-bha-liquid-exfoliant-P469503,,
Estée Lauder,"{'biExclusiveLevel': 'none', 'imageAltText': 'Estée Lauder - Estee Lauder Advanced Night Repair Synchronized Multi-Recovery Complex Serum', 'isAppExclusive': False, 'isBI': False, 'isBest': False, 'isFirstAccess': False, 'isLimitedEdition': False, 'isLimitedTimeOffer': False, 'isNatural': False, 'isNew': False, 'isOnlineOnly': False, 'isOrganic': False, 'isSephoraExclusive': False, 'listPrice': '$19.00 - $220.00', 'salePrice': '', 'skuId': '2379683', 'skuImages': {'image135': 'https://www.sephora.com/productimages/sku/s2379683-main-grid.jpg', 'image162': 'https://www.sephora.com/productimages/sku/s2379683-162.jpg', 'image250': 'https://www.sephora.com/productimages/sku/s2379683-main-hero.jpg', 'image42': 'https://www.sephora.com/productimages/sku/s2379683-main-thumb.jpg', 'image450': 'https://www.sephora.com/productimages/sku/s2379683-main-Lhero.jpg', 'image62': 'https://www.sephora.com/productimages/sku/s2379683-main-Lthumb.jpg', 'image97': 'https://www.sephora.com/productimages/sku/s2379683-main-Sgrid.jpg'}, 'skuType': 'Standard'}",Estee Lauder Advanced Night Repair Synchronized Multi-Recovery Complex Serum,https://www.sephora.com/productimages/sku/s2379683-main-grid.jpg,https://www.sephora.com/productimages/sku/s2379683-main-grid.jpg,https://www.sephora.com/productimages/sku/s2379683-main-hero.jpg,https://www.sephora.com/productimages/sku/s2379683-main-Lhero.jpg,P461159,4.0449,2425,/product/estee-lauder-advanced-night-repair-synchronized-multi-recovery-complex-P461159,,
Fenty Skin,"{'badgeAltText': 'Clean at Sephora', 'biExclusiveLevel': 'none', 'imageAltText': 'Fenty Skin - Hydra Vizor Refillable Invisible Face Moisturizer SPF 30 with Niacinamide', 'isAppExclusive': False, 'isBI': False, 'isBest': False, 'isFirstAccess': False, 'isLimitedEdition': False, 'isLimitedTimeOffer': False, 'isNatural': False, 'isNew': False, 'isOnlineOnly': False, 'isOrganic': False, 'isSephoraExclusive': True, 'listPrice': '$25.00 - $39.00', 'salePrice': '', 'skuId': '2418879', 'skuImages': {'image135': 'https://www.sephora.com/productimages/sku/s2418879-main-grid.jpg?pb=2020-03-sephora-clean-2019', 'image162': 'https://www.sephora.com/productimages/sku/s2418879-162.jpg?pb=2020-03-sephora-clean-2019', 'image250': 'https://www.sephora.com/productimages/sku/s2418879-main-hero.jpg?pb=2020-03-sephora-clean-2019', 'image42': 'https://www.sephora.com/productimages/sku/s2418879-main-thumb.jpg?pb=2020-03-sephora-clean-2019', 'image450': 'https://www.sephora.com/productimages/sku/s2418879-main-Lhero.jpg?pb=2020-03-sephora-clean-2019', 'image62': 'https://www.sephora.com/productimages/sku/s2418879-main-Lthumb.jpg?pb=2020-03-sephora-clean-2019', 'image97': 'https://www.sephora.com/productimages/sku/s2418879-main-Sgrid.jpg?pb=2020-03-sephora-clean-2019'}, 'skuType': 'Standard'}",Hydra Vizor Refillable Invisible Face Moisturizer SPF 30 with Niacinamide,https://www.sephora.com/productimages/sku/s2418879-main-grid.jpg?pb=2020-03-sephora-clean-2019,https://www.sephora.com/productimages/sku/s2418879-main-grid.jpg?pb=2020-03-sephora-clean-2019,https://www.sephora.com/productimages/sku/s2418879-main-hero.jpg?pb=2020-03-sephora-clean-2019,https://www.sephora.com/productimages/sku/s2418879-main-Lhero.jpg?pb=2020-03-sephora-clean-2019,P467249,4.0036,822,/product/fenty-skin-hydra-vizor-moisturizer-broad-spectrum-spf-30-sunscreen-P467249,,
